11884,H/W  18MM,,,8x4,8x4,8x4,1
11874,H/W  18MM,,,7x4,7x4,7x4,1
11864,H/W  18MM,,,6x4,6x4,6x4,1
11854,H/W  18MM,,,5x4,5x4,5x4,1
11844,H/W  18MM,,,4x4,4x4,4x4,1
11883,H/W  18MM,,,8x3,8x3,8x3,1
11873,H/W  18MM,,,7x3,7x3,7x3,1
11863,H/W  18MM,,,6x3,6x3,6x3,1
11853,H/W  18MM,,,5x3,5x3,5x3,1
11843,H/W  18MM,,,4x3,4x3,4x3,1
11833,H/W  18MM,,,3x3,3x3,3x3,1
11882,H/W  18MM,,,8x2,8x2,8x2,1
11872,H/W  18MM,,,7x2,7x2,7x2,1
11862,H/W  18MM,,,6x2,6x2,6x2,1
11852,H/W  18MM,,,5x2,5x2,5x2,1
11842,H/W  18MM,,,4x2,4x2,4x2,1
11832,H/W  18MM,,,3x2,3x2,3x2,1
11822,H/W  18MM,,,2x2,2x2,2x2,1
11284,H/W  12MM,,,8x4,8x4,8x4,1
11274,H/W  12MM,,,7x4,7x4,7x4,1
11264,H/W  12MM,,,6x4,6x4,6x4,1
11254,H/W  12MM,,,5x4,5x4,5x4,1
11244,H/W  12MM,,,4x4,4x4,4x4,1
11283,H/W  12MM,,,8x3,8x3,8x3,1
11273,H/W  12MM,,,7x3,7x3,7x3,1
11263,H/W  12MM,,,6x3,6x3,6x3,1
11253,H/W  12MM,,,5x3,5x3,5x3,1
11243,H/W  12MM,,,4x3,4x3,4x3,1
11233,H/W  12MM,,,3x3,3x3,3x3,1
11282,H/W  12MM,,,8x2,8x2,8x2,1
11272,H/W  12MM,,,7x2,7x2,7x2,1
11262,H/W  12MM,,,6x2,6x2,6x2,1
11252,H/W  12MM,,,5x2,5x2,5x2,1
11242,H/W  12MM,,,4x2,4x2,4x2,1
11232,H/W  12MM,,,3x2,3x2,3x2,1
11222,H/W  12MM,,,2x2,2x2,2x2,1
1884,H/W 8MM,,,8x4,8x4,8x4,1
1874,H/W 8MM,,,7x4,7x4,7x4,1
1864,H/W 8MM,,,6x4,6x4,6x4,1
1854,H/W 8MM,,,5x4,5x4,5x4,1
1844,H/W 8MM,,,4x4,4x4,4x4,1
1883,H/W 8MM,,,8x3,8x3,8x3,1
1873,H/W 8MM,,,7x3,7x3,7x3,1
1863,H/W 8MM,,,6x3,6x3,6x3,1
1853,H/W 8MM,,,5x3,5x3,5x3,1
1843,H/W 8MM,,,4x3,4x3,4x3,1
1833,H/W 8MM,,,3x3,3x3,3x3,1
1882,H/W 8MM,,,8x2,8x2,8x2,1
1872,H/W 8MM,,,7x2,7x2,7x2,1
1862,H/W 8MM,,,6x2,6x2,6x2,1
1852,H/W 8MM,,,5x2,5x2,5x2,1
1842,H/W 8MM,,,4x2,4x2,4x2,1
1832,H/W 8MM,,,3x2,3x2,3x2,1
1822,H/W 8MM,,,2x2,2x2,2x2,1
1684,H/W 6MM,,,8x4,8x4,8x4,1
1674,H/W 6MM,,,7x4,7x4,7x4,1
1664,H/W 6MM,,,6x4,6x4,6x4,1
1654,H/W 6MM,,,5x4,5x4,5x4,1
1644,H/W 6MM,,,4x4,4x4,4x4,1
1683,H/W 6MM,,,8x3,8x3,8x3,1
1673,H/W 6MM,,,7x3,7x3,7x3,1
1663,H/W 6MM,,,6x3,6x3,6x3,1
1653,H/W 6MM,,,5x3,5x3,5x3,1
1643,H/W 6MM,,,4x3,4x3,4x3,1
1633,H/W 6MM,,,3x3,3x3,3x3,1
1682,H/W 6MM,,,8x2,8x2,8x2,1
1672,H/W 6MM,,,7x2,7x2,7x2,1
1662,H/W 6MM,,,6x2,6x2,6x2,1
1652,H/W 6MM,,,5x2,5x2,5x2,1
1642,H/W 6MM,,,4x2,4x2,4x2,1
1632,H/W 6MM,,,3x2,3x2,3x2,1
1622,H/W 6MM,,,2x2,2x2,2x2,1
1484,H/W 6MM,,,8x4,8x4,8x4,1
1474,H/W 6MM,,,7x4,7x4,7x4,1
1464,H/W 6MM,,,6x4,6x4,6x4,1
1454,H/W 6MM,,,5x4,5x4,5x4,1
1444,H/W 6MM,,,4x4,4x4,4x4,1
1483,H/W 6MM,,,8x3,8x3,8x3,1
1473,H/W 6MM,,,7x3,7x3,7x3,1
1463,H/W 6MM,,,6x3,6x3,6x3,1
1453,H/W 6MM,,,5x3,5x3,5x3,1
1443,H/W 6MM,,,4x3,4x3,4x3,1
1433,H/W 6MM,,,3x3,3x3,3x3,1
1482,H/W 6MM,,,8x2,8x2,8x2,1
1472,H/W 6MM,,,7x2,7x2,7x2,1
1462,H/W 6MM,,,6x2,6x2,6x2,1
1452,H/W 6MM,,,5x2,5x2,5x2,1
1442,H/W 6MM,,,4x2,4x2,4x2,1
1432,H/W 6MM,,,3x2,3x2,3x2,1
1422,H/W 6MM,,,2x2,2x2,2x2,1
21884,FUSION  GOLD   18MM,,,8x4,8x4,8x4,1
21874,FUSION  GOLD   18MM,,,7x4,7x4,7x4,1
21864,FUSION  GOLD   18MM,,,6x4,6x4,6x4,1
21854,FUSION  GOLD   18MM,,,5x4,5x4,5x4,1
21844,FUSION  GOLD   18MM,,,4x4,4x4,4x4,1
21883,FUSION  GOLD   18MM,,,8x3,8x3,8x3,1
21873,FUSION  GOLD   18MM,,,7x3,7x3,7x3,1
21863,FUSION  GOLD   18MM,,,6x3,6x3,6x3,1
21853,FUSION  GOLD   18MM,,,5x3,5x3,5x3,1
21843,FUSION  GOLD   18MM,,,4x3,4x3,4x3,1
21833,FUSION  GOLD   18MM,,,3x3,3x3,3x3,1
21882,FUSION  GOLD   18MM,,,8x2,8x2,8x2,1
21872,FUSION  GOLD   18MM,,,7x2,7x2,7x2,1
21862,FUSION  GOLD   18MM,,,6x2,6x2,6x2,1
21852,FUSION  GOLD   18MM,,,5x2,5x2,5x2,1
21842,FUSION  GOLD   18MM,,,4x2,4x2,4x2,1
21832,FUSION  GOLD   18MM,,,3x2,3x2,3x2,1
21822,FUSION  GOLD   18MM,,,2x2,2x2,2x2,1
21284,FUSION  GOLD   12MM,,,8x4,8x4,8x4,1
21274,FUSION  GOLD   12MM,,,7x4,7x4,7x4,1
21264,FUSION  GOLD   12MM,,,6x4,6x4,6x4,1
21254,FUSION  GOLD   12MM,,,5x4,5x4,5x4,1
21244,FUSION  GOLD   12MM,,,4x4,4x4,4x4,1
21283,FUSION  GOLD   12MM,,,8x3,8x3,8x3,1
21273,FUSION  GOLD   12MM,,,7x3,7x3,7x3,1
21263,FUSION  GOLD   12MM,,,6x3,6x3,6x3,1
21253,FUSION  GOLD   12MM,,,5x3,5x3,5x3,1
21243,FUSION  GOLD   12MM,,,4x3,4x3,4x3,1
21233,FUSION  GOLD   12MM,,,3x3,3x3,3x3,1
21282,FUSION  GOLD   12MM,,,8x2,8x2,8x2,1
21272,FUSION  GOLD   12MM,,,7x2,7x2,7x2,1
21262,FUSION  GOLD   12MM,,,6x2,6x2,6x2,1
21252,FUSION  GOLD   12MM,,,5x2,5x2,5x2,1
21242,FUSION  GOLD   12MM,,,4x2,4x2,4x2,1
21232,FUSION  GOLD   12MM,,,3x2,3x2,3x2,1
21222,FUSION  GOLD   12MM,,,2x2,2x2,2x2,1
2884,FUSION  GOLD   8MM,,,8x4,8x4,8x4,1
2874,FUSION  GOLD   8MM,,,7x4,7x4,7x4,1
2864,FUSION  GOLD   8MM,,,6x4,6x4,6x4,1
2854,FUSION  GOLD   8MM,,,5x4,5x4,5x4,1
2844,FUSION  GOLD   8MM,,,4x4,4x4,4x4,1
2883,FUSION  GOLD   8MM,,,8x3,8x3,8x3,1
2873,FUSION  GOLD   8MM,,,7x3,7x3,7x3,1
2863,FUSION  GOLD   8MM,,,6x3,6x3,6x3,1
2853,FUSION  GOLD   8MM,,,5x3,5x3,5x3,1
2843,FUSION  GOLD   8MM,,,4x3,4x3,4x3,1
2833,FUSION  GOLD   8MM,,,3x3,3x3,3x3,1
2882,FUSION  GOLD   8MM,,,8x2,8x2,8x2,1
2872,FUSION  GOLD   8MM,,,7x2,7x2,7x2,1
2862,FUSION  GOLD   8MM,,,6x2,6x2,6x2,1
2852,FUSION  GOLD   8MM,,,5x2,5x2,5x2,1
2842,FUSION  GOLD   8MM,,,4x2,4x2,4x2,1
2832,FUSION  GOLD   8MM,,,3x2,3x2,3x2,1
2822,FUSION  GOLD   8MM,,,2x2,2x2,2x2,1
2684,FUSION  GOLD 6MM,,,8x4,8x4,8x4,1
2674,FUSION  GOLD 6MM,,,7x4,7x4,7x4,1
2664,FUSION  GOLD 6MM,,,6x4,6x4,6x4,1
2654,FUSION  GOLD 6MM,,,5x4,5x4,5x4,1
2644,FUSION  GOLD 6MM,,,4x4,4x4,4x4,1
2683,FUSION  GOLD 6MM,,,8x3,8x3,8x3,1
2673,FUSION  GOLD 6MM,,,7x3,7x3,7x3,1
2663,FUSION  GOLD 6MM,,,6x3,6x3,6x3,1
2653,FUSION  GOLD 6MM,,,5x3,5x3,5x3,1
2643,FUSION  GOLD 6MM,,,4x3,4x3,4x3,1
2633,FUSION  GOLD 6MM,,,3x3,3x3,3x3,1
2682,FUSION  GOLD 6MM,,,8x2,8x2,8x2,1
2672,FUSION  GOLD 6MM,,,7x2,7x2,7x2,1
2662,FUSION  GOLD 6MM,,,6x2,6x2,6x2,1
2652,FUSION  GOLD 6MM,,,5x2,5x2,5x2,1
2642,FUSION  GOLD 6MM,,,4x2,4x2,4x2,1
2632,FUSION  GOLD 6MM,,,3x2,3x2,3x2,1
2622,FUSION  GOLD 6MM,,,2x2,2x2,2x2,1
2484,FUSION  GOLD4MM,,,8x4,8x4,8x4,1
2474,FUSION  GOLD4MM,,,7x4,7x4,7x4,1
2464,FUSION  GOLD4MM,,,6x4,6x4,6x4,1
2454,FUSION  GOLD4MM,,,5x4,5x4,5x4,1
2444,FUSION  GOLD4MM,,,4x4,4x4,4x4,1
2483,FUSION  GOLD4MM,,,8x3,8x3,8x3,1
2473,FUSION  GOLD4MM,,,7x3,7x3,7x3,1
2463,FUSION  GOLD4MM,,,6x3,6x3,6x3,1
2453,FUSION  GOLD4MM,,,5x3,5x3,5x3,1
2443,FUSION  GOLD4MM,,,4x3,4x3,4x3,1
2433,FUSION  GOLD4MM,,,3x3,3x3,3x3,1
2482,FUSION  GOLD4MM,,,8x2,8x2,8x2,1
2472,FUSION  GOLD4MM,,,7x2,7x2,7x2,1
2462,FUSION  GOLD4MM,,,6x2,6x2,6x2,1
2452,FUSION  GOLD4MM,,,5x2,5x2,5x2,1
2442,FUSION  GOLD4MM,,,4x2,4x2,4x2,1
2432,FUSION  GOLD4MM,,,3x2,3x2,3x2,1
2422,FUSION  GOLD4MM,,,2x2,2x2,2x2,1
31884,R/W 18,,,8x4,8x4,8x4,1
31874,R/W 18,,,7x4,7x4,7x4,1
31864,R/W 18,,,6x4,6x4,6x4,1
31854,R/W 18,,,5x4,5x4,5x4,1
31844,R/W 18,,,4x4,4x4,4x4,1
31883,R/W 18,,,8x3,8x3,8x3,1
31873,R/W 18,,,7x3,7x3,7x3,1
31863,R/W 18,,,6x3,6x3,6x3,1
31853,R/W 18,,,5x3,5x3,5x3,1
31843,R/W 18,,,4x3,4x3,4x3,1
31833,R/W 18,,,3x3,3x3,3x3,1
31882,R/W 18,,,8x2,8x2,8x2,1
31872,R/W 18,,,7x2,7x2,7x2,1
31862,R/W 18,,,6x2,6x2,6x2,1
31852,R/W 18,,,5x2,5x2,5x2,1
31842,R/W 18,,,4x2,4x2,4x2,1
31832,R/W 18,,,3x2,3x2,3x2,1
31822,R/W 18,,,2x2,2x2,2x2,1
31284,R/W 12,,,8x4,8x4,8x4,1
31274,R/W 12,,,7x4,7x4,7x4,1
31264,R/W 12,,,6x4,6x4,6x4,1
31254,R/W 12,,,5x4,5x4,5x4,1
31244,R/W 12,,,4x4,4x4,4x4,1
31283,R/W 12,,,8x3,8x3,8x3,1
31273,R/W 12,,,7x3,7x3,7x3,1
31263,R/W 12,,,6x3,6x3,6x3,1
31253,R/W 12,,,5x3,5x3,5x3,1
31243,R/W 12,,,4x3,4x3,4x3,1
31233,R/W 12,,,3x3,3x3,3x3,1
31282,R/W 12,,,8x2,8x2,8x2,1
31272,R/W 12,,,7x2,7x2,7x2,1
31262,R/W 12,,,6x2,6x2,6x2,1
31252,R/W 12,,,5x2,5x2,5x2,1
31242,R/W 12,,,4x2,4x2,4x2,1
31232,R/W 12,,,3x2,3x2,3x2,1
31222,R/W 12,,,2x2,2x2,2x2,1
3884,R/W 8,,,8x4,8x4,8x4,1
3874,R/W 8,,,7x4,7x4,7x4,1
3864,R/W 8,,,6x4,6x4,6x4,1
3854,R/W 8,,,5x4,5x4,5x4,1
3844,R/W 8,,,4x4,4x4,4x4,1
3883,R/W 8,,,8x3,8x3,8x3,1
3873,R/W 8,,,7x3,7x3,7x3,1
3863,R/W 8,,,6x3,6x3,6x3,1
3853,R/W 8,,,5x3,5x3,5x3,1
3843,R/W 8,,,4x3,4x3,4x3,1
3833,R/W 8,,,3x3,3x3,3x3,1
3882,R/W 8,,,8x2,8x2,8x2,1
3872,R/W 8,,,7x2,7x2,7x2,1
3862,R/W 8,,,6x2,6x2,6x2,1
3852,R/W 8,,,5x2,5x2,5x2,1
3842,R/W 8,,,4x2,4x2,4x2,1
3832,R/W 8,,,3x2,3x2,3x2,1
3822,R/W 8,,,2x2,2x2,2x2,1
3684,R/W 6,,,8x4,8x4,8x4,1
3674,R/W 6,,,7x4,7x4,7x4,1
3664,R/W 6,,,6x4,6x4,6x4,1
3654,R/W 6,,,5x4,5x4,5x4,1
3644,R/W 6,,,4x4,4x4,4x4,1
3683,R/W 6,,,8x3,8x3,8x3,1
3673,R/W 6,,,7x3,7x3,7x3,1
3663,R/W 6,,,6x3,6x3,6x3,1
3653,R/W 6,,,5x3,5x3,5x3,1
3643,R/W 6,,,4x3,4x3,4x3,1
3633,R/W 6,,,3x3,3x3,3x3,1
3682,R/W 6,,,8x2,8x2,8x2,1
3672,R/W 6,,,7x2,7x2,7x2,1
3662,R/W 6,,,6x2,6x2,6x2,1
3652,R/W 6,,,5x2,5x2,5x2,1
3642,R/W 6,,,4x2,4x2,4x2,1
3632,R/W 6,,,3x2,3x2,3x2,1
3622,R/W 6,,,2x2,2x2,2x2,1
3484,R/W 4,,,8x4,8x4,8x4,1
3474,R/W 4,,,7x4,7x4,7x4,1
3464,R/W 4,,,6x4,6x4,6x4,1
3454,R/W 4,,,5x4,5x4,5x4,1
3444,R/W 4,,,4x4,4x4,4x4,1
3483,R/W 4,,,8x3,8x3,8x3,1
3473,R/W 4,,,7x3,7x3,7x3,1
3463,R/W 4,,,6x3,6x3,6x3,1
3453,R/W 4,,,5x3,5x3,5x3,1
3443,R/W 4,,,4x3,4x3,4x3,1
3433,R/W 4,,,3x3,3x3,3x3,1
3482,R/W 4,,,8x2,8x2,8x2,1
3472,R/W 4,,,7x2,7x2,7x2,1
3462,R/W 4,,,6x2,6x2,6x2,1
3452,R/W 4,,,5x2,5x2,5x2,1
3442,R/W 4,,,4x2,4x2,4x2,1
3432,R/W 4,,,3x2,3x2,3x2,1
3422,R/W 4,,,2x2,2x2,2x2,1
41884,MYSUR GOLD   18MM,,,8x4,8x4,8x4,1
41874,MYSUR GOLD   18MM,,,7x4,7x4,7x4,1
41864,MYSUR GOLD   18MM,,,6x4,6x4,6x4,1
41854,MYSUR GOLD   18MM,,,5x4,5x4,5x4,1
41844,MYSUR GOLD   18MM,,,4x4,4x4,4x4,1
41883,MYSUR GOLD   18MM,,,8x3,8x3,8x3,1
41873,MYSUR GOLD   18MM,,,7x3,7x3,7x3,1
41863,MYSUR GOLD   18MM,,,6x3,6x3,6x3,1
41853,MYSUR GOLD   18MM,,,5x3,5x3,5x3,1
41843,MYSUR GOLD   18MM,,,4x3,4x3,4x3,1
41833,MYSUR GOLD   18MM,,,3x3,3x3,3x3,1
41882,MYSUR GOLD   18MM,,,8x2,8x2,8x2,1
41872,MYSUR GOLD   18MM,,,7x2,7x2,7x2,1
41862,MYSUR GOLD   18MM,,,6x2,6x2,6x2,1
41852,MYSUR GOLD   18MM,,,5x2,5x2,5x2,1
41842,MYSUR GOLD   18MM,,,4x2,4x2,4x2,1
41832,MYSUR GOLD   18MM,,,3x2,3x2,3x2,1
41822,MYSUR GOLD   18MM,,,2x2,2x2,2x2,1
41284,MYSUR GOLD   12MM,,,8x4,8x4,8x4,1
41274,MYSUR GOLD   12MM,,,7x4,7x4,7x4,1
41264,MYSUR GOLD   12MM,,,6x4,6x4,6x4,1
41254,MYSUR GOLD   12MM,,,5x4,5x4,5x4,1
41244,MYSUR GOLD   12MM,,,4x4,4x4,4x4,1
41283,MYSUR GOLD   12MM,,,8x3,8x3,8x3,1
41273,MYSUR GOLD   12MM,,,7x3,7x3,7x3,1
41263,MYSUR GOLD   12MM,,,6x3,6x3,6x3,1
41253,MYSUR GOLD   12MM,,,5x3,5x3,5x3,1
41243,MYSUR GOLD   12MM,,,4x3,4x3,4x3,1
41233,MYSUR GOLD   12MM,,,3x3,3x3,3x3,1
41282,MYSUR GOLD   12MM,,,8x2,8x2,8x2,1
41272,MYSUR GOLD   12MM,,,7x2,7x2,7x2,1
41262,MYSUR GOLD   12MM,,,6x2,6x2,6x2,1
41252,MYSUR GOLD   12MM,,,5x2,5x2,5x2,1
41242,MYSUR GOLD   12MM,,,4x2,4x2,4x2,1
41232,MYSUR GOLD   12MM,,,3x2,3x2,3x2,1
41222,MYSUR GOLD   12MM,,,2x2,2x2,2x2,1
4884,MYSUR GOLD   8MM,,,8x4,8x4,8x4,1
4874,MYSUR GOLD   8MM,,,7x4,7x4,7x4,1
4864,MYSUR GOLD   8MM,,,6x4,6x4,6x4,1
4854,MYSUR GOLD   8MM,,,5x4,5x4,5x4,1
4844,MYSUR GOLD   8MM,,,4x4,4x4,4x4,1
4883,MYSUR GOLD   8MM,,,8x3,8x3,8x3,1
4873,MYSUR GOLD   8MM,,,7x3,7x3,7x3,1
4863,MYSUR GOLD   8MM,,,6x3,6x3,6x3,1
4853,MYSUR GOLD   8MM,,,5x3,5x3,5x3,1
4843,MYSUR GOLD   8MM,,,4x3,4x3,4x3,1
4833,MYSUR GOLD   8MM,,,3x3,3x3,3x3,1
4882,MYSUR GOLD   8MM,,,8x2,8x2,8x2,1
4872,MYSUR GOLD   8MM,,,7x2,7x2,7x2,1
4862,MYSUR GOLD   8MM,,,6x2,6x2,6x2,1
4852,MYSUR GOLD   8MM,,,5x2,5x2,5x2,1
4842,MYSUR GOLD   8MM,,,4x2,4x2,4x2,1
4832,MYSUR GOLD   8MM,,,3x2,3x2,3x2,1
4822,MYSUR GOLD   8MM,,,2x2,2x2,2x2,1
4684,MYSUR GOLD    6MM,,,8x4,8x4,8x4,1
4674,MYSUR GOLD    6MM,,,7x4,7x4,7x4,1
4664,MYSUR GOLD    6MM,,,6x4,6x4,6x4,1
4654,MYSUR GOLD    6MM,,,5x4,5x4,5x4,1
4644,MYSUR GOLD    6MM,,,4x4,4x4,4x4,1
4683,MYSUR GOLD    6MM,,,8x3,8x3,8x3,1
4673,MYSUR GOLD    6MM,,,7x3,7x3,7x3,1
4663,MYSUR GOLD    6MM,,,6x3,6x3,6x3,1
4653,MYSUR GOLD    6MM,,,5x3,5x3,5x3,1
4643,MYSUR GOLD    6MM,,,4x3,4x3,4x3,1
4633,MYSUR GOLD    6MM,,,3x3,3x3,3x3,1
4682,MYSUR GOLD    6MM,,,8x2,8x2,8x2,1
4672,MYSUR GOLD    6MM,,,7x2,7x2,7x2,1
4662,MYSUR GOLD    6MM,,,6x2,6x2,6x2,1
4652,MYSUR GOLD    6MM,,,5x2,5x2,5x2,1
4642,MYSUR GOLD    6MM,,,4x2,4x2,4x2,1
4632,MYSUR GOLD    6MM,,,3x2,3x2,3x2,1
4622,MYSUR GOLD    6MM,,,2x2,2x2,2x2,1
4484,MYSUR GOLD    4MM,,,8x4,8x4,8x4,1
4474,MYSUR GOLD    4MM,,,7x4,7x4,7x4,1
4464,MYSUR GOLD    4MM,,,6x4,6x4,6x4,1
4454,MYSUR GOLD    4MM,,,5x4,5x4,5x4,1
4444,MYSUR GOLD    4MM,,,4x4,4x4,4x4,1
4483,MYSUR GOLD    4MM,,,8x3,8x3,8x3,1
4473,MYSUR GOLD    4MM,,,7x3,7x3,7x3,1
4463,MYSUR GOLD    4MM,,,6x3,6x3,6x3,1
4453,MYSUR GOLD    4MM,,,5x3,5x3,5x3,1
4443,MYSUR GOLD    4MM,,,4x3,4x3,4x3,1
4433,MYSUR GOLD    4MM,,,3x3,3x3,3x3,1
4482,MYSUR GOLD    4MM,,,8x2,8x2,8x2,1
4472,MYSUR GOLD    4MM,,,7x2,7x2,7x2,1
4462,MYSUR GOLD    4MM,,,6x2,6x2,6x2,1
4452,MYSUR GOLD    4MM,,,5x2,5x2,5x2,1
4442,MYSUR GOLD    4MM,,,4x2,4x2,4x2,1
4432,MYSUR GOLD    4MM,,,3x2,3x2,3x2,1
4422,MYSUR GOLD    4MM,,,2x2,2x2,2x2,1
51884,INDIA PRESTEGE  18MM,,,8x4,8x4,8x4,1
51874,INDIA PRESTEGE  18MM,,,7x4,7x4,7x4,1
51864,INDIA PRESTEGE  18MM,,,6x4,6x4,6x4,1
51854,INDIA PRESTEGE  18MM,,,5x4,5x4,5x4,1
51844,INDIA PRESTEGE  18MM,,,4x4,4x4,4x4,1
51883,INDIA PRESTEGE  18MM,,,8x3,8x3,8x3,1
51873,INDIA PRESTEGE  18MM,,,7x3,7x3,7x3,1
51863,INDIA PRESTEGE  18MM,,,6x3,6x3,6x3,1
51853,INDIA PRESTEGE  18MM,,,5x3,5x3,5x3,1
51843,INDIA PRESTEGE  18MM,,,4x3,4x3,4x3,1
51833,INDIA PRESTEGE  18MM,,,3x3,3x3,3x3,1
51882,INDIA PRESTEGE  18MM,,,8x2,8x2,8x2,1
51872,INDIA PRESTEGE  18MM,,,7x2,7x2,7x2,1
51862,INDIA PRESTEGE  18MM,,,6x2,6x2,6x2,1
51852,INDIA PRESTEGE  18MM,,,5x2,5x2,5x2,1
51842,INDIA PRESTEGE  18MM,,,4x2,4x2,4x2,1
51832,INDIA PRESTEGE  18MM,,,3x2,3x2,3x2,1
51822,INDIA PRESTEGE  18MM,,,2x2,2x2,2x2,1
51284,INDIA PRESTEGE  12MM,,,8x4,8x4,8x4,1
51274,INDIA PRESTEGE  12MM,,,7x4,7x4,7x4,1
51264,INDIA PRESTEGE  12MM,,,6x4,6x4,6x4,1
51254,INDIA PRESTEGE  12MM,,,5x4,5x4,5x4,1
51244,INDIA PRESTEGE  12MM,,,4x4,4x4,4x4,1
51283,INDIA PRESTEGE  12MM,,,8x3,8x3,8x3,1
51273,INDIA PRESTEGE  12MM,,,7x3,7x3,7x3,1
51263,INDIA PRESTEGE  12MM,,,6x3,6x3,6x3,1
51253,INDIA PRESTEGE  12MM,,,5x3,5x3,5x3,1
51243,INDIA PRESTEGE  12MM,,,4x3,4x3,4x3,1
51233,INDIA PRESTEGE  12MM,,,3x3,3x3,3x3,1
51282,INDIA PRESTEGE  12MM,,,8x2,8x2,8x2,1
51272,INDIA PRESTEGE  12MM,,,7x2,7x2,7x2,1
51262,INDIA PRESTEGE  12MM,,,6x2,6x2,6x2,1
51252,INDIA PRESTEGE  12MM,,,5x2,5x2,5x2,1
51242,INDIA PRESTEGE  12MM,,,4x2,4x2,4x2,1
51232,INDIA PRESTEGE  12MM,,,3x2,3x2,3x2,1
51222,INDIA PRESTEGE  12MM,,,2x2,2x2,2x2,1
5884,INDIA PRESTEGE 8MM,,,8x4,8x4,8x4,1
5874,INDIA PRESTEGE 8MM,,,7x4,7x4,7x4,1
5864,INDIA PRESTEGE 8MM,,,6x4,6x4,6x4,1
5854,INDIA PRESTEGE 8MM,,,5x4,5x4,5x4,1
5844,INDIA PRESTEGE 8MM,,,4x4,4x4,4x4,1
5883,INDIA PRESTEGE 8MM,,,8x3,8x3,8x3,1
5873,INDIA PRESTEGE 8MM,,,7x3,7x3,7x3,1
5863,INDIA PRESTEGE 8MM,,,6x3,6x3,6x3,1
5853,INDIA PRESTEGE 8MM,,,5x3,5x3,5x3,1
5843,INDIA PRESTEGE 8MM,,,4x3,4x3,4x3,1
5833,INDIA PRESTEGE 8MM,,,3x3,3x3,3x3,1
5882,INDIA PRESTEGE 8MM,,,8x2,8x2,8x2,1
5872,INDIA PRESTEGE 8MM,,,7x2,7x2,7x2,1
5862,INDIA PRESTEGE 8MM,,,6x2,6x2,6x2,1
5852,INDIA PRESTEGE 8MM,,,5x2,5x2,5x2,1
5842,INDIA PRESTEGE 8MM,,,4x2,4x2,4x2,1
5832,INDIA PRESTEGE 8MM,,,3x2,3x2,3x2,1
5822,INDIA PRESTEGE 8MM,,,2x2,2x2,2x2,1
5684,INDIA PRESTEGE6MM,,,8x4,8x4,8x4,1
5674,INDIA PRESTEGE6MM,,,7x4,7x4,7x4,1
5664,INDIA PRESTEGE6MM,,,6x4,6x4,6x4,1
5654,INDIA PRESTEGE6MM,,,5x4,5x4,5x4,1
5644,INDIA PRESTEGE6MM,,,4x4,4x4,4x4,1
5683,INDIA PRESTEGE6MM,,,8x3,8x3,8x3,1
5673,INDIA PRESTEGE6MM,,,7x3,7x3,7x3,1
5663,INDIA PRESTEGE6MM,,,6x3,6x3,6x3,1
5653,INDIA PRESTEGE6MM,,,5x3,5x3,5x3,1
5643,INDIA PRESTEGE6MM,,,4x3,4x3,4x3,1
5633,INDIA PRESTEGE6MM,,,3x3,3x3,3x3,1
5682,INDIA PRESTEGE6MM,,,8x2,8x2,8x2,1
5672,INDIA PRESTEGE6MM,,,7x2,7x2,7x2,1
5662,INDIA PRESTEGE6MM,,,6x2,6x2,6x2,1
5652,INDIA PRESTEGE6MM,,,5x2,5x2,5x2,1
5642,INDIA PRESTEGE6MM,,,4x2,4x2,4x2,1
5632,INDIA PRESTEGE6MM,,,3x2,3x2,3x2,1
5622,INDIA PRESTEGE6MM,,,2x2,2x2,2x2,1
5484,INDIA PRESTEGE4MM,,,8x4,8x4,8x4,1
5474,INDIA PRESTEGE4MM,,,7x4,7x4,7x4,1
5464,INDIA PRESTEGE4MM,,,6x4,6x4,6x4,1
5454,INDIA PRESTEGE4MM,,,5x4,5x4,5x4,1
5444,INDIA PRESTEGE4MM,,,4x4,4x4,4x4,1
5483,INDIA PRESTEGE4MM,,,8x3,8x3,8x3,1
5473,INDIA PRESTEGE4MM,,,7x3,7x3,7x3,1
5463,INDIA PRESTEGE4MM,,,6x3,6x3,6x3,1
5453,INDIA PRESTEGE4MM,,,5x3,5x3,5x3,1
5443,INDIA PRESTEGE4MM,,,4x3,4x3,4x3,1
5433,INDIA PRESTEGE4MM,,,3x3,3x3,3x3,1
5482,INDIA PRESTEGE4MM,,,8x2,8x2,8x2,1
5472,INDIA PRESTEGE4MM,,,7x2,7x2,7x2,1
5462,INDIA PRESTEGE4MM,,,6x2,6x2,6x2,1
5452,INDIA PRESTEGE4MM,,,5x2,5x2,5x2,1
5442,INDIA PRESTEGE4MM,,,4x2,4x2,4x2,1
5432,INDIA PRESTEGE4MM,,,3x2,3x2,3x2,1
5422,INDIA PRESTEGE4MM,,,2x2,2x2,2x2,1
61884,NANDINI  18MM,,,8x4,8x4,8x4,1
61874,NANDINI  18MM,,,7x4,7x4,7x4,1
61864,NANDINI  18MM,,,6x4,6x4,6x4,1
61854,NANDINI  18MM,,,5x4,5x4,5x4,1
61844,NANDINI  18MM,,,4x4,4x4,4x4,1
61883,NANDINI  18MM,,,8x3,8x3,8x3,1
61873,NANDINI  18MM,,,7x3,7x3,7x3,1
61863,NANDINI  18MM,,,6x3,6x3,6x3,1
61853,NANDINI  18MM,,,5x3,5x3,5x3,1
61843,NANDINI  18MM,,,4x3,4x3,4x3,1
61833,NANDINI  18MM,,,3x3,3x3,3x3,1
61882,NANDINI  18MM,,,8x2,8x2,8x2,1
61872,NANDINI  18MM,,,7x2,7x2,7x2,1
61862,NANDINI  18MM,,,6x2,6x2,6x2,1
61852,NANDINI  18MM,,,5x2,5x2,5x2,1
61842,NANDINI  18MM,,,4x2,4x2,4x2,1
61832,NANDINI  18MM,,,3x2,3x2,3x2,1
61822,NANDINI  18MM,,,2x2,2x2,2x2,1
61284,NANDINI  12MM,,,8x4,8x4,8x4,1
61274,NANDINI  12MM,,,7x4,7x4,7x4,1
61264,NANDINI  12MM,,,6x4,6x4,6x4,1
61254,NANDINI  12MM,,,5x4,5x4,5x4,1
61244,NANDINI  12MM,,,4x4,4x4,4x4,1
61283,NANDINI  12MM,,,8x3,8x3,8x3,1
61273,NANDINI  12MM,,,7x3,7x3,7x3,1
61263,NANDINI  12MM,,,6x3,6x3,6x3,1
61253,NANDINI  12MM,,,5x3,5x3,5x3,1
61243,NANDINI  12MM,,,4x3,4x3,4x3,1
61233,NANDINI  12MM,,,3x3,3x3,3x3,1
61282,NANDINI  12MM,,,8x2,8x2,8x2,1
61272,NANDINI  12MM,,,7x2,7x2,7x2,1
61262,NANDINI  12MM,,,6x2,6x2,6x2,1
61252,NANDINI  12MM,,,5x2,5x2,5x2,1
61242,NANDINI  12MM,,,4x2,4x2,4x2,1
61232,NANDINI  12MM,,,3x2,3x2,3x2,1
61222,NANDINI  12MM,,,2x2,2x2,2x2,1
6884,NANDINI  8MM,,,8x4,8x4,8x4,1
6874,NANDINI  8MM,,,7x4,7x4,7x4,1
6864,NANDINI  8MM,,,6x4,6x4,6x4,1
6854,NANDINI  8MM,,,5x4,5x4,5x4,1
6844,NANDINI  8MM,,,4x4,4x4,4x4,1
6883,NANDINI  8MM,,,8x3,8x3,8x3,1
6873,NANDINI  8MM,,,7x3,7x3,7x3,1
6863,NANDINI  8MM,,,6x3,6x3,6x3,1
6853,NANDINI  8MM,,,5x3,5x3,5x3,1
6843,NANDINI  8MM,,,4x3,4x3,4x3,1
6833,NANDINI  8MM,,,3x3,3x3,3x3,1
6882,NANDINI  8MM,,,8x2,8x2,8x2,1
6872,NANDINI  8MM,,,7x2,7x2,7x2,1
6862,NANDINI  8MM,,,6x2,6x2,6x2,1
6852,NANDINI  8MM,,,5x2,5x2,5x2,1
6842,NANDINI  8MM,,,4x2,4x2,4x2,1
6832,NANDINI  8MM,,,3x2,3x2,3x2,1
6822,NANDINI  8MM,,,2x2,2x2,2x2,1
6684,NANDINI  6MM,,,8x4,8x4,8x4,1
6674,NANDINI  6MM,,,7x4,7x4,7x4,1
6664,NANDINI  6MM,,,6x4,6x4,6x4,1
6654,NANDINI  6MM,,,5x4,5x4,5x4,1
6644,NANDINI  6MM,,,4x4,4x4,4x4,1
6683,NANDINI  6MM,,,8x3,8x3,8x3,1
6673,NANDINI  6MM,,,7x3,7x3,7x3,1
6663,NANDINI  6MM,,,6x3,6x3,6x3,1
6653,NANDINI  6MM,,,5x3,5x3,5x3,1
6643,NANDINI  6MM,,,4x3,4x3,4x3,1
6633,NANDINI  6MM,,,3x3,3x3,3x3,1
6682,NANDINI  6MM,,,8x2,8x2,8x2,1
6672,NANDINI  6MM,,,7x2,7x2,7x2,1
6662,NANDINI  6MM,,,6x2,6x2,6x2,1
6652,NANDINI  6MM,,,5x2,5x2,5x2,1
6642,NANDINI  6MM,,,4x2,4x2,4x2,1
6632,NANDINI  6MM,,,3x2,3x2,3x2,1
6622,NANDINI  6MM,,,2x2,2x2,2x2,1
6484,NANDINI   4MM,,,8x4,8x4,8x4,1
6474,NANDINI   4MM,,,7x4,7x4,7x4,1
6464,NANDINI   4MM,,,6x4,6x4,6x4,1
6454,NANDINI   4MM,,,5x4,5x4,5x4,1
6444,NANDINI   4MM,,,4x4,4x4,4x4,1
6483,NANDINI   4MM,,,8x3,8x3,8x3,1
6473,NANDINI   4MM,,,7x3,7x3,7x3,1
6463,NANDINI   4MM,,,6x3,6x3,6x3,1
6453,NANDINI   4MM,,,5x3,5x3,5x3,1
6443,NANDINI   4MM,,,4x3,4x3,4x3,1
6433,NANDINI   4MM,,,3x3,3x3,3x3,1
6482,NANDINI   4MM,,,8x2,8x2,8x2,1
6472,NANDINI   4MM,,,7x2,7x2,7x2,1
6462,NANDINI   4MM,,,6x2,6x2,6x2,1
6452,NANDINI   4MM,,,5x2,5x2,5x2,1
6442,NANDINI   4MM,,,4x2,4x2,4x2,1
6432,NANDINI   4MM,,,3x2,3x2,3x2,1
6422,NANDINI   4MM,,,2x2,2x2,2x2,1
71884,M.T.F   18MM,,,8x4,8x4,8x4,1
71874,M.T.F   18MM,,,7x4,7x4,7x4,1
71864,M.T.F   18MM,,,6x4,6x4,6x4,1
71854,M.T.F   18MM,,,5x4,5x4,5x4,1
71844,M.T.F   18MM,,,4x4,4x4,4x4,1
71883,M.T.F   18MM,,,8x3,8x3,8x3,1
71873,M.T.F   18MM,,,7x3,7x3,7x3,1
71863,M.T.F   18MM,,,6x3,6x3,6x3,1
71853,M.T.F   18MM,,,5x3,5x3,5x3,1
71843,M.T.F   18MM,,,4x3,4x3,4x3,1
71833,M.T.F   18MM,,,3x3,3x3,3x3,1
71882,M.T.F   18MM,,,8x2,8x2,8x2,1
71872,M.T.F   18MM,,,7x2,7x2,7x2,1
71862,M.T.F   18MM,,,6x2,6x2,6x2,1
71852,M.T.F   18MM,,,5x2,5x2,5x2,1
71842,M.T.F   18MM,,,4x2,4x2,4x2,1
71832,M.T.F   18MM,,,3x2,3x2,3x2,1
71822,M.T.F   18MM,,,2x2,2x2,2x2,1
71284,M.T.F   12MM,,,8x4,8x4,8x4,1
71274,M.T.F   12MM,,,7x4,7x4,7x4,1
71264,M.T.F   12MM,,,6x4,6x4,6x4,1
71254,M.T.F   12MM,,,5x4,5x4,5x4,1
71244,M.T.F   12MM,,,4x4,4x4,4x4,1
71283,M.T.F   12MM,,,8x3,8x3,8x3,1
71273,M.T.F   12MM,,,7x3,7x3,7x3,1
71263,M.T.F   12MM,,,6x3,6x3,6x3,1
71253,M.T.F   12MM,,,5x3,5x3,5x3,1
71243,M.T.F   12MM,,,4x3,4x3,4x3,1
71233,M.T.F   12MM,,,3x3,3x3,3x3,1
71282,M.T.F   12MM,,,8x2,8x2,8x2,1
71272,M.T.F   12MM,,,7x2,7x2,7x2,1
71262,M.T.F   12MM,,,6x2,6x2,6x2,1
71252,M.T.F   12MM,,,5x2,5x2,5x2,1
71242,M.T.F   12MM,,,4x2,4x2,4x2,1
71232,M.T.F   12MM,,,3x2,3x2,3x2,1
71222,M.T.F   12MM,,,2x2,2x2,2x2,1
7884,M.T.F   8MM,,,8x4,8x4,8x4,1
7874,M.T.F   8MM,,,7x4,7x4,7x4,1
7864,M.T.F   8MM,,,6x4,6x4,6x4,1
7854,M.T.F   8MM,,,5x4,5x4,5x4,1
7844,M.T.F   8MM,,,4x4,4x4,4x4,1
7883,M.T.F   8MM,,,8x3,8x3,8x3,1
7873,M.T.F   8MM,,,7x3,7x3,7x3,1
7863,M.T.F   8MM,,,6x3,6x3,6x3,1
7853,M.T.F   8MM,,,5x3,5x3,5x3,1
7843,M.T.F   8MM,,,4x3,4x3,4x3,1
7833,M.T.F   8MM,,,3x3,3x3,3x3,1
7882,M.T.F   8MM,,,8x2,8x2,8x2,1
7872,M.T.F   8MM,,,7x2,7x2,7x2,1
7862,M.T.F   8MM,,,6x2,6x2,6x2,1
7852,M.T.F   8MM,,,5x2,5x2,5x2,1
7842,M.T.F   8MM,,,4x2,4x2,4x2,1
7832,M.T.F   8MM,,,3x2,3x2,3x2,1
7822,M.T.F   8MM,,,2x2,2x2,2x2,1
7684,M.T.F   6MM,,,8x4,8x4,8x4,1
7674,M.T.F   6MM,,,7x4,7x4,7x4,1
7664,M.T.F   6MM,,,6x4,6x4,6x4,1
7654,M.T.F   6MM,,,5x4,5x4,5x4,1
7644,M.T.F   6MM,,,4x4,4x4,4x4,1
7683,M.T.F   6MM,,,8x3,8x3,8x3,1
7673,M.T.F   6MM,,,7x3,7x3,7x3,1
7663,M.T.F   6MM,,,6x3,6x3,6x3,1
7653,M.T.F   6MM,,,5x3,5x3,5x3,1
7643,M.T.F   6MM,,,4x3,4x3,4x3,1
7633,M.T.F   6MM,,,3x3,3x3,3x3,1
7682,M.T.F   6MM,,,8x2,8x2,8x2,1
7672,M.T.F   6MM,,,7x2,7x2,7x2,1
7662,M.T.F   6MM,,,6x2,6x2,6x2,1
7652,M.T.F   6MM,,,5x2,5x2,5x2,1
7642,M.T.F   6MM,,,4x2,4x2,4x2,1
7632,M.T.F   6MM,,,3x2,3x2,3x2,1
7622,M.T.F   6MM,,,2x2,2x2,2x2,1
7484,M.T.F  4MM,,,8x4,8x4,8x4,1
7474,M.T.F  4MM,,,7x4,7x4,7x4,1
7464,M.T.F  4MM,,,6x4,6x4,6x4,1
7454,M.T.F  4MM,,,5x4,5x4,5x4,1
7444,M.T.F  4MM,,,4x4,4x4,4x4,1
7483,M.T.F  4MM,,,8x3,8x3,8x3,1
7473,M.T.F  4MM,,,7x3,7x3,7x3,1
7463,M.T.F  4MM,,,6x3,6x3,6x3,1
7453,M.T.F  4MM,,,5x3,5x3,5x3,1
7443,M.T.F  4MM,,,4x3,4x3,4x3,1
7433,M.T.F  4MM,,,3x3,3x3,3x3,1
7482,M.T.F  4MM,,,8x2,8x2,8x2,1
7472,M.T.F  4MM,,,7x2,7x2,7x2,1
7462,M.T.F  4MM,,,6x2,6x2,6x2,1
7452,M.T.F  4MM,,,5x2,5x2,5x2,1
7442,M.T.F  4MM,,,4x2,4x2,4x2,1
7432,M.T.F  4MM,,,3x2,3x2,3x2,1
7422,M.T.F  4MM,,,2x2,2x2,2x2,1
81884,O.S.T   18MM,,,8x4,8x4,8x4,1
81874,O.S.T   18MM,,,7x4,7x4,7x4,1
81864,O.S.T   18MM,,,6x4,6x4,6x4,1
81854,O.S.T   18MM,,,5x4,5x4,5x4,1
81844,O.S.T   18MM,,,4x4,4x4,4x4,1
81883,O.S.T   18MM,,,8x3,8x3,8x3,1
81873,O.S.T   18MM,,,7x3,7x3,7x3,1
81863,O.S.T   18MM,,,6x3,6x3,6x3,1
81853,O.S.T   18MM,,,5x3,5x3,5x3,1
81843,O.S.T   18MM,,,4x3,4x3,4x3,1
81833,O.S.T   18MM,,,3x3,3x3,3x3,1
81882,O.S.T   18MM,,,8x2,8x2,8x2,1
81872,O.S.T   18MM,,,7x2,7x2,7x2,1
81862,O.S.T   18MM,,,6x2,6x2,6x2,1
81852,O.S.T   18MM,,,5x2,5x2,5x2,1
81842,O.S.T   18MM,,,4x2,4x2,4x2,1
81832,O.S.T   18MM,,,3x2,3x2,3x2,1
81822,O.S.T   18MM,,,2x2,2x2,2x2,1
81284,O.S.T   12MM,,,8x4,8x4,8x4,1
81274,O.S.T   12MM,,,7x4,7x4,7x4,1
81264,O.S.T   12MM,,,6x4,6x4,6x4,1
81254,O.S.T   12MM,,,5x4,5x4,5x4,1
81244,O.S.T   12MM,,,4x4,4x4,4x4,1
81283,O.S.T   12MM,,,8x3,8x3,8x3,1
81273,O.S.T   12MM,,,7x3,7x3,7x3,1
81263,O.S.T   12MM,,,6x3,6x3,6x3,1
81253,O.S.T   12MM,,,5x3,5x3,5x3,1
81243,O.S.T   12MM,,,4x3,4x3,4x3,1
81233,O.S.T   12MM,,,3x3,3x3,3x3,1
81282,O.S.T   12MM,,,8x2,8x2,8x2,1
81272,O.S.T   12MM,,,7x2,7x2,7x2,1
81262,O.S.T   12MM,,,6x2,6x2,6x2,1
81252,O.S.T   12MM,,,5x2,5x2,5x2,1
81242,O.S.T   12MM,,,4x2,4x2,4x2,1
81232,O.S.T   12MM,,,3x2,3x2,3x2,1
81222,O.S.T   12MM,,,2x2,2x2,2x2,1
8884,O.S.T   8MM,,,8x4,8x4,8x4,1
8874,O.S.T   8MM,,,7x4,7x4,7x4,1
8864,O.S.T   8MM,,,6x4,6x4,6x4,1
8854,O.S.T   8MM,,,5x4,5x4,5x4,1
8844,O.S.T   8MM,,,4x4,4x4,4x4,1
8883,O.S.T   8MM,,,8x3,8x3,8x3,1
8873,O.S.T   8MM,,,7x3,7x3,7x3,1
8863,O.S.T   8MM,,,6x3,6x3,6x3,1
8853,O.S.T   8MM,,,5x3,5x3,5x3,1
8843,O.S.T   8MM,,,4x3,4x3,4x3,1
8833,O.S.T   8MM,,,3x3,3x3,3x3,1
8882,O.S.T   8MM,,,8x2,8x2,8x2,1
8872,O.S.T   8MM,,,7x2,7x2,7x2,1
8862,O.S.T   8MM,,,6x2,6x2,6x2,1
8852,O.S.T   8MM,,,5x2,5x2,5x2,1
8842,O.S.T   8MM,,,4x2,4x2,4x2,1
8832,O.S.T   8MM,,,3x2,3x2,3x2,1
8822,O.S.T   8MM,,,2x2,2x2,2x2,1
8684,O.S.T   6MM,,,8x4,8x4,8x4,1
8674,O.S.T   6MM,,,7x4,7x4,7x4,1
8664,O.S.T   6MM,,,6x4,6x4,6x4,1
8654,O.S.T   6MM,,,5x4,5x4,5x4,1
8644,O.S.T   6MM,,,4x4,4x4,4x4,1
8683,O.S.T   6MM,,,8x3,8x3,8x3,1
8673,O.S.T   6MM,,,7x3,7x3,7x3,1
8663,O.S.T   6MM,,,6x3,6x3,6x3,1
8653,O.S.T   6MM,,,5x3,5x3,5x3,1
8643,O.S.T   6MM,,,4x3,4x3,4x3,1
8633,O.S.T   6MM,,,3x3,3x3,3x3,1
8682,O.S.T   6MM,,,8x2,8x2,8x2,1
8672,O.S.T   6MM,,,7x2,7x2,7x2,1
8662,O.S.T   6MM,,,6x2,6x2,6x2,1
8652,O.S.T   6MM,,,5x2,5x2,5x2,1
8642,O.S.T   6MM,,,4x2,4x2,4x2,1
8632,O.S.T   6MM,,,3x2,3x2,3x2,1
8622,O.S.T   6MM,,,2x2,2x2,2x2,1
8484,O.S.T  4MM,,,8x4,8x4,8x4,1
8474,O.S.T  4MM,,,7x4,7x4,7x4,1
8464,O.S.T  4MM,,,6x4,6x4,6x4,1
8454,O.S.T  4MM,,,5x4,5x4,5x4,1
8444,O.S.T  4MM,,,4x4,4x4,4x4,1
8483,O.S.T  4MM,,,8x3,8x3,8x3,1
8473,O.S.T  4MM,,,7x3,7x3,7x3,1
8463,O.S.T  4MM,,,6x3,6x3,6x3,1
8453,O.S.T  4MM,,,5x3,5x3,5x3,1
8443,O.S.T  4MM,,,4x3,4x3,4x3,1
8433,O.S.T  4MM,,,3x3,3x3,3x3,1
8482,O.S.T  4MM,,,8x2,8x2,8x2,1
8472,O.S.T  4MM,,,7x2,7x2,7x2,1
8462,O.S.T  4MM,,,6x2,6x2,6x2,1
8452,O.S.T  4MM,,,5x2,5x2,5x2,1
8442,O.S.T  4MM,,,4x2,4x2,4x2,1
8432,O.S.T  4MM,,,3x2,3x2,3x2,1
8422,O.S.T  4MM,,,2x2,2x2,2x2,1
91884,PLAY  WOOD  18MM,,,8x4,8x4,8x4,2
91874,PLAY  WOOD  18MM,,,7x4,7x4,7x4,2
91864,PLAY  WOOD  18MM,,,6x4,6x4,6x4,2
91854,PLAY  WOOD  18MM,,,5x4,5x4,5x4,2
91844,PLAY  WOOD  18MM,,,4x4,4x4,4x4,2
91883,PLAY  WOOD  18MM,,,8x3,8x3,8x3,2
91873,PLAY  WOOD  18MM,,,7x3,7x3,7x3,2
91863,PLAY  WOOD  18MM,,,6x3,6x3,6x3,2
91853,PLAY  WOOD  18MM,,,5x3,5x3,5x3,2
91843,PLAY  WOOD  18MM,,,4x3,4x3,4x3,2
91833,PLAY  WOOD  18MM,,,3x3,3x3,3x3,2
91882,PLAY  WOOD  18MM,,,8x2,8x2,8x2,2
91872,PLAY  WOOD  18MM,,,7x2,7x2,7x2,2
91862,PLAY  WOOD  18MM,,,6x2,6x2,6x2,2
91852,PLAY  WOOD  18MM,,,5x2,5x2,5x2,2
91842,PLAY  WOOD  18MM,,,4x2,4x2,4x2,2
91832,PLAY  WOOD  18MM,,,3x2,3x2,3x2,2
91822,PLAY  WOOD  18MM,,,2x2,2x2,2x2,2
91284,PLAY  WOOD  12MM,,,8x4,8x4,8x4,2
91274,PLAY  WOOD  12MM,,,7x4,7x4,7x4,2
91264,PLAY  WOOD  12MM,,,6x4,6x4,6x4,2
91254,PLAY  WOOD  12MM,,,5x4,5x4,5x4,2
91244,PLAY  WOOD  12MM,,,4x4,4x4,4x4,2
91283,PLAY  WOOD  12MM,,,8x3,8x3,8x3,2
91273,PLAY  WOOD  12MM,,,7x3,7x3,7x3,2
91263,PLAY  WOOD  12MM,,,6x3,6x3,6x3,2
91253,PLAY  WOOD  12MM,,,5x3,5x3,5x3,2
91243,PLAY  WOOD  12MM,,,4x3,4x3,4x3,2
91233,PLAY  WOOD  12MM,,,3x3,3x3,3x3,2
91282,PLAY  WOOD  12MM,,,8x2,8x2,8x2,2
91272,PLAY  WOOD  12MM,,,7x2,7x2,7x2,2
91262,PLAY  WOOD  12MM,,,6x2,6x2,6x2,2
91252,PLAY  WOOD  12MM,,,5x2,5x2,5x2,2
91242,PLAY  WOOD  12MM,,,4x2,4x2,4x2,2
91232,PLAY  WOOD  12MM,,,3x2,3x2,3x2,2
91222,PLAY  WOOD  12MM,,,2x2,2x2,2x2,2
9884,PLAY  WOOD 8MM,,,8x4,8x4,8x4,2
9874,PLAY  WOOD 8MM,,,7x4,7x4,7x4,2
9864,PLAY  WOOD 8MM,,,6x4,6x4,6x4,2
9854,PLAY  WOOD 8MM,,,5x4,5x4,5x4,2
9844,PLAY  WOOD 8MM,,,4x4,4x4,4x4,2
9883,PLAY  WOOD 8MM,,,8x3,8x3,8x3,2
9873,PLAY  WOOD 8MM,,,7x3,7x3,7x3,2
9863,PLAY  WOOD 8MM,,,6x3,6x3,6x3,2
9853,PLAY  WOOD 8MM,,,5x3,5x3,5x3,2
9843,PLAY  WOOD 8MM,,,4x3,4x3,4x3,2
9833,PLAY  WOOD 8MM,,,3x3,3x3,3x3,2
9882,PLAY  WOOD 8MM,,,8x2,8x2,8x2,2
9872,PLAY  WOOD 8MM,,,7x2,7x2,7x2,2
9862,PLAY  WOOD 8MM,,,6x2,6x2,6x2,2
9852,PLAY  WOOD 8MM,,,5x2,5x2,5x2,2
9842,PLAY  WOOD 8MM,,,4x2,4x2,4x2,2
9832,PLAY  WOOD 8MM,,,3x2,3x2,3x2,2
9822,PLAY  WOOD 8MM,,,2x2,2x2,2x2,2
9684,PLAY  WOOD 6MM,,,8x4,8x4,8x4,2
9674,PLAY  WOOD 6MM,,,7x4,7x4,7x4,2
9664,PLAY  WOOD 6MM,,,6x4,6x4,6x4,2
9654,PLAY  WOOD 6MM,,,5x4,5x4,5x4,2
9644,PLAY  WOOD 6MM,,,4x4,4x4,4x4,2
9683,PLAY  WOOD 6MM,,,8x3,8x3,8x3,2
9673,PLAY  WOOD 6MM,,,7x3,7x3,7x3,2
9663,PLAY  WOOD 6MM,,,6x3,6x3,6x3,2
9653,PLAY  WOOD 6MM,,,5x3,5x3,5x3,2
9643,PLAY  WOOD 6MM,,,4x3,4x3,4x3,2
9633,PLAY  WOOD 6MM,,,3x3,3x3,3x3,2
9682,PLAY  WOOD 6MM,,,8x2,8x2,8x2,2
9672,PLAY  WOOD 6MM,,,7x2,7x2,7x2,2
9662,PLAY  WOOD 6MM,,,6x2,6x2,6x2,2
9652,PLAY  WOOD 6MM,,,5x2,5x2,5x2,2
9642,PLAY  WOOD 6MM,,,4x2,4x2,4x2,2
9632,PLAY  WOOD 6MM,,,3x2,3x2,3x2,2
9622,PLAY  WOOD 6MM,,,2x2,2x2,2x2,2
9484,PLAY  WOOD 4MM,,,8x4,8x4,8x4,2
9474,PLAY  WOOD 4MM,,,7x4,7x4,7x4,2
9464,PLAY  WOOD 4MM,,,6x4,6x4,6x4,2
9454,PLAY  WOOD 4MM,,,5x4,5x4,5x4,2
9444,PLAY  WOOD 4MM,,,4x4,4x4,4x4,2
9483,PLAY  WOOD 4MM,,,8x3,8x3,8x3,2
9473,PLAY  WOOD 4MM,,,7x3,7x3,7x3,2
9463,PLAY  WOOD 4MM,,,6x3,6x3,6x3,2
9453,PLAY  WOOD 4MM,,,5x3,5x3,5x3,2
9443,PLAY  WOOD 4MM,,,4x3,4x3,4x3,2
9433,PLAY  WOOD 4MM,,,3x3,3x3,3x3,2
9482,PLAY  WOOD 4MM,,,8x2,8x2,8x2,2
9472,PLAY  WOOD 4MM,,,7x2,7x2,7x2,2
9462,PLAY  WOOD 4MM,,,6x2,6x2,6x2,2
9452,PLAY  WOOD 4MM,,,5x2,5x2,5x2,2
9442,PLAY  WOOD 4MM,,,4x2,4x2,4x2,2
9432,PLAY  WOOD 4MM,,,3x2,3x2,3x2,2
9422,PLAY  WOOD 4MM,,,2x2,2x2,2x2,2
11,BEEDENG2nd,,,1x6,1x6,1x6,3
12,BEEDENG2nd,,,1.5x6,1.5x6,1.5x6,3
13,BEEDENG2nd,,,2x6,2x6,2x6,3
14,BEEDENG2nd,,,1x.5,1x.5,1x.5,3
15,BEEDENG2nd,,,1.5x.5,1.5x.5,1.5x.5,3
16,BEEDENG2nd,,,2x.5,2x.5,2x.5,3
17,BEEDENG2nd,,,1x4,1x4,1x4,3
18,BEEDENG2nd,,,1.5x4,1.5x4,1.5x4,3
19,BEEDENG2nd,,,2x4,2x4,2x4,3
20,BEEDENG2nd,,,.5x.5,.5x.5,.5x.5,3
21,BEEDENG1st,,,1x6,1x6,1x6,3
22,BEEDENG1st,,,1.5x6,1.5x6,1.5x6,3
23,BEEDENG1st,,,2x6,2x6,2x6,3
24,BEEDENG1st,,,1x.5,1x.5,1x.5,3
25,BEEDENG1st,,,1.5x.5,1.5x.5,1.5x.5,3
26,BEEDENG1st,,,2x.5,2x.5,2x.5,3
27,BEEDENG1st,,,1x4,1x4,1x4,3
28,BEEDENG1st,,,1.5x4,1.5x4,1.5x4,3
29,BEEDENG1st,,,2x4,2x4,2x4,3
30,BEEDENG1st,,,.5x.5,.5x.5,.5x.5,3
31,CORNIR TEAK 2ND,,,10x10,10x10,10x10,3
32,CORNIR TEAK 2ND,,,12x12,12x12,12x12,3
33,CORNIR TEAK 2ND,,,15x15,15x15,15x15,3
34,CORNIR TEAK 2ND,,,18x18,18x18,18x18,3
35,CORNIR TEAK 2ND,,,10x10,10x10,10x10,3
36,CORNIR TEAK 2ND,,,12x12,12x12,12x12,3
37,CORNIR TEAK 2ND,,,15x15,15x15,15x15,3
38,CORNIR TEAK 2ND,,,18x18,18x18,18x18,3
39,CORNIR TEAK 2ND,,,15x8,15x8,15x8,3
40,CORNIR TEAK 2ND,,,20x10,20x10,20x10,3
41,CORNIR TEAK 2ND,,,25x10,25x10,25x10,3
42,CORNIR TEAK 2ND,,,32x10,32x10,32x10,3
43,FLAD TEAK1ST,,,15x8,15x8,15x8,3
44,FLAD TEAK1ST,,,20x10,20x10,20x10,3
45,FLAD TEAK1ST,,,25x10,25x10,25x10,3
46,FLAD TEAK1ST,,,32x10,32x10,32x10,3
47,P.V.C. BEEDENG,,,12MM,12MM,12MM,3
48,P.V.C. BEEDENG,,,18MM,18MM,18MM,3
49,P.V.C. BEEDENG,,,25MM,25MM,25MM,3
50,P.V.C. BEEDENG,,,32MM,32MM,32MM,3
184,CEDAR LAM MICA,,,8x4,8x4,8x4,3
174,CEDAR LAM MICA,,,7x4,7x4,7x4,3
164,CEDAR LAM MICA,,,6x4,6x4,6x4,3
154,CEDAR LAM MICA,,,5x4,5x4,5x4,3
144,CEDAR LAM MICA,,,4x4,4x4,4x4,3
143,CEDAR LAM MICA,,,4x3,4x3,4x3,3
142,CEDAR LAM MICA,,,4x2,4x2,4x2,3
132,CEDAR LAM MICA,,,3x2,3x2,3x2,3
122,CEDAR LAM MICA,,,2x2,2x2,2x2,3
284,MODI LAM MICA,,,8x4,8x4,8x4,3
274,MODI LAM MICA,,,7x4,7x4,7x4,3
264,MODI LAM MICA,,,6x4,6x4,6x4,3
254,MODI LAM MICA,,,5x4,5x4,5x4,3
244,MODI LAM MICA,,,4x4,4x4,4x4,3
243,MODI LAM MICA,,,4x3,4x3,4x3,3
242,MODI LAM MICA,,,4x2,4x2,4x2,3
232,MODI LAM MICA,,,3x2,3x2,3x2,3
222,MODI LAM MICA,,,2x2,2x2,2x2,3
384,SUNDAK LAM MICA,,,8x4,8x4,8x4,3
374,SUNDAK LAM MICA,,,7x4,7x4,7x4,3
364,SUNDAK LAM MICA,,,6x4,6x4,6x4,3
354,SUNDAK LAM MICA,,,5x4,5x4,5x4,3
344,SUNDAK LAM MICA,,,4x4,4x4,4x4,3
343,SUNDAK LAM MICA,,,4x3,4x3,4x3,3
342,SUNDAK LAM MICA,,,4x2,4x2,4x2,3
332,SUNDAK LAM MICA,,,3x2,3x2,3x2,3
322,SUNDAK LAM MICA,,,2x2,2x2,2x2,3
484,ASIS LAM MICA,,,8x4,8x4,8x4,3
474,ASIS LAM MICA,,,7x4,7x4,7x4,3
464,ASIS LAM MICA,,,6x4,6x4,6x4,3
454,ASIS LAM MICA,,,5x4,5x4,5x4,3
444,ASIS LAM MICA,,,4x4,4x4,4x4,3
443,ASIS LAM MICA,,,4x3,4x3,4x3,3
442,ASIS LAM MICA,,,4x2,4x2,4x2,3
432,ASIS LAM MICA,,,3x2,3x2,3x2,3
422,ASIS LAM MICA,,,2x2,2x2,2x2,3
584,LEO LAM MICA,,,8x4,8x4,8x4,3
574,LEO LAM MICA,,,7x4,7x4,7x4,3
564,LEO LAM MICA,,,6x4,6x4,6x4,3
554,LEO LAM MICA,,,5x4,5x4,5x4,3
544,LEO LAM MICA,,,4x4,4x4,4x4,3
543,LEO LAM MICA,,,4x3,4x3,4x3,3
542,LEO LAM MICA,,,4x2,4x2,4x2,3
532,LEO LAM MICA,,,3x2,3x2,3x2,3
522,LEO LAM MICA,,,2x2,2x2,2x2,3
684,MICA ,,,8x4,8x4,8x4,3
674,MICA ,,,7x4,7x4,7x4,3
664,MICA ,,,6x4,6x4,6x4,3
654,MICA ,,,5x4,5x4,5x4,3
644,MICA ,,,4x4,4x4,4x4,3
643,MICA ,,,4x3,4x3,4x3,3
642,MICA ,,,4x2,4x2,4x2,3
632,MICA ,,,3x2,3x2,3x2,3
622,MICA ,,,2x2,2x2,2x2,3
555,DOOR SKIN,,,7x3,7x3,7x3,3
1000,OVAL PANIL DOOR,,,7x3,7x3,7x3,1
1001,OVAL PANIL DOOR,,,6.75x3,6.75x3,6.75x3,1
1002,OVAL PANIL DOOR,,,6.5x3,6.5x3,6.5x3,1
1003,OVAL PANIL DOOR,,,6.25x3,6.25x3,6.25x3,1
1004,OVAL PANIL DOOR,,,6x3,6x3,6x3,1
1005,OVAL PANIL DOOR,,,7x2.75,7x2.75,7x2.75,1
1006,OVAL PANIL DOOR,,,6.75x2.75,6.75x2.75,6.75x2.75,1
1007,OVAL PANIL DOOR,,,6.5x2.75,6.5x2.75,6.5x2.75,1
1008,OVAL PANIL DOOR,,,6.25x2.75,6.25x2.75,6.25x2.75,1
1009,OVAL PANIL DOOR,,,6x2.75,6x2.75,6x2.75,1
1010,OVAL PANIL DOOR,,,7x2.5,7x2.5,7x2.5,1
1011,OVAL PANIL DOOR,,,6.75x2.5,6.75x2.5,6.75x2.5,1
1012,OVAL PANIL DOOR,,,6.5x2.5,6.5x2.5,6.5x2.5,1
1013,OVAL PANIL DOOR,,,6.25x2.5,6.25x2.5,6.25x2.5,1
1014,OVAL PANIL DOOR,,,6x2.5,6x2.5,6x2.5,1
1015,OVAL PANIL DOOR,,,7x2.25,7x2.25,7x2.25,1
1016,OVAL PANIL DOOR,,,6.75x2.25,6.75x2.25,6.75x2.25,1
1017,OVAL PANIL DOOR,,,6.5x2.25,6.5x2.25,6.5x2.25,1
1018,OVAL PANIL DOOR,,,6.25x2.25,6.25x2.25,6.25x2.25,1
1019,OVAL PANIL DOOR,,,6x2.25,6x2.25,6x2.25,1
2000,TWO PANIL DOOR,,,7x3,7x3,7x3,1
2001,TWO PANIL DOOR,,,6.75x3,6.75x3,6.75x3,1
2002,TWO PANIL DOOR,,,6.5x3,6.5x3,6.5x3,1
2003,TWO PANIL DOOR,,,6.25x3,6.25x3,6.25x3,1
2004,TWO PANIL DOOR,,,6x3,6x3,6x3,1
2005,TWO PANIL DOOR,,,7x2.75,7x2.75,7x2.75,1
2006,TWO PANIL DOOR,,,6.75x2.75,6.75x2.75,6.75x2.75,1
2007,TWO PANIL DOOR,,,6.5x2.75,6.5x2.75,6.5x2.75,1
2008,TWO PANIL DOOR,,,6.25x2.75,6.25x2.75,6.25x2.75,1
2009,TWO PANIL DOOR,,,6x2.75,6x2.75,6x2.75,1
2010,TWO PANIL DOOR,,,7x2.5,7x2.5,7x2.5,1
2011,TWO PANIL DOOR,,,6.75x2.5,6.75x2.5,6.75x2.5,1
2012,TWO PANIL DOOR,,,6.5x2.5,6.5x2.5,6.5x2.5,1
2013,TWO PANIL DOOR,,,6.25x2.5,6.25x2.5,6.25x2.5,1
2014,TWO PANIL DOOR,,,6x2.5,6x2.5,6x2.5,1
2015,TWO PANIL DOOR,,,7x2.25,7x2.25,7x2.25,1
2016,TWO PANIL DOOR,,,6.75x2.25,6.75x2.25,6.75x2.25,1
2017,TWO PANIL DOOR,,,6.5x2.25,6.5x2.25,6.5x2.25,1
2018,TWO PANIL DOOR,,,6.25x2.25,6.25x2.25,6.25x2.25,1
2019,TWO PANIL DOOR,,,6x2.25,6x2.25,6x2.25,1
3000,HORIZON PANIL DOOR,,,7x3,7x3,7x3,1
3001,HORIZON PANIL DOOR,,,6.75x3,6.75x3,6.75x3,1
3002,HORIZON PANIL DOOR,,,6.5x3,6.5x3,6.5x3,1
3003,HORIZON PANIL DOOR,,,6.25x3,6.25x3,6.25x3,1
3004,HORIZON PANIL DOOR,,,6x3,6x3,6x3,1
3005,HORIZON PANIL DOOR,,,7x2.75,7x2.75,7x2.75,1
3006,HORIZON PANIL DOOR,,,6.75x2.75,6.75x2.75,6.75x2.75,1
3007,HORIZON PANIL DOOR,,,6.5x2.75,6.5x2.75,6.5x2.75,1
3008,HORIZON PANIL DOOR,,,6.25x2.75,6.25x2.75,6.25x2.75,1
3009,HORIZON PANIL DOOR,,,6x2.75,6x2.75,6x2.75,1
3010,HORIZON PANIL DOOR,,,7x2.5,7x2.5,7x2.5,1
3011,HORIZON PANIL DOOR,,,6.75x2.5,6.75x2.5,6.75x2.5,1
3012,HORIZON PANIL DOOR,,,6.5x2.5,6.5x2.5,6.5x2.5,1
3013,HORIZON PANIL DOOR,,,6.25x2.5,6.25x2.5,6.25x2.5,1
3014,HORIZON PANIL DOOR,,,6x2.5,6x2.5,6x2.5,1
3015,HORIZON PANIL DOOR,,,7x2.25,7x2.25,7x2.25,1
3016,HORIZON PANIL DOOR,,,6.75x2.25,6.75x2.25,6.75x2.25,1
3017,HORIZON PANIL DOOR,,,6.5x2.25,6.5x2.25,6.5x2.25,1
3018,HORIZON PANIL DOOR,,,6.25x2.25,6.25x2.25,6.25x2.25,1
3019,HORIZON PANIL DOOR,,,6x2.25,6x2.25,6x2.25,1
4000,FOUR PANIL DOOR,,,7x3,7x3,7x3,1
4001,FOUR PANIL DOOR,,,6.75x3,6.75x3,6.75x3,1
4002,FOUR PANIL DOOR,,,6.5x3,6.5x3,6.5x3,1
4003,FOUR PANIL DOOR,,,6.25x3,6.25x3,6.25x3,1
4004,FOUR PANIL DOOR,,,6x3,6x3,6x3,1
4005,FOUR PANIL DOOR,,,7x2.75,7x2.75,7x2.75,1
4006,FOUR PANIL DOOR,,,6.75x2.75,6.75x2.75,6.75x2.75,1
4007,FOUR PANIL DOOR,,,6.5x2.75,6.5x2.75,6.5x2.75,1
4008,FOUR PANIL DOOR,,,6.25x2.75,6.25x2.75,6.25x2.75,1
4009,FOUR PANIL DOOR,,,6x2.75,6x2.75,6x2.75,1
4010,FOUR PANIL DOOR,,,7x2.5,7x2.5,7x2.5,1
4011,FOUR PANIL DOOR,,,6.75x2.5,6.75x2.5,6.75x2.5,1
4012,FOUR PANIL DOOR,,,6.5x2.5,6.5x2.5,6.5x2.5,1
4013,FOUR PANIL DOOR,,,6.25x2.5,6.25x2.5,6.25x2.5,1
4014,FOUR PANIL DOOR,,,6x2.5,6x2.5,6x2.5,1
4015,FOUR PANIL DOOR,,,7x2.25,7x2.25,7x2.25,1
4016,FOUR PANIL DOOR,,,6.75x2.25,6.75x2.25,6.75x2.25,1
4017,FOUR PANIL DOOR,,,6.5x2.25,6.5x2.25,6.5x2.25,1
4018,FOUR PANIL DOOR,,,6.25x2.25,6.25x2.25,6.25x2.25,1
4019,FOUR PANIL DOOR,,,6x2.25,6x2.25,6x2.25,1
5000,WOOD MAK ,,,7x3,7x3,7x3,1
5001,WOOD MAK ,,,6.75x3,6.75x3,6.75x3,1
5002,WOOD MAK ,,,6.5x3,6.5x3,6.5x3,1
5003,WOOD MAK ,,,6.25x3,6.25x3,6.25x3,1
5004,WOOD MAK ,,,6x3,6x3,6x3,1
5005,WOOD MAK ,,,7x2.75,7x2.75,7x2.75,1
5006,WOOD MAK ,,,6.75x2.75,6.75x2.75,6.75x2.75,1
5007,WOOD MAK ,,,6.5x2.75,6.5x2.75,6.5x2.75,1
5008,WOOD MAK ,,,6.25x2.75,6.25x2.75,6.25x2.75,1
5009,WOOD MAK ,,,6x2.75,6x2.75,6x2.75,1
5010,WOOD MAK ,,,7x2.5,7x2.5,7x2.5,1
5011,WOOD MAK ,,,6.75x2.5,6.75x2.5,6.75x2.5,1
5012,WOOD MAK ,,,6.5x2.5,6.5x2.5,6.5x2.5,1
5013,WOOD MAK ,,,6.25x2.5,6.25x2.5,6.25x2.5,1
5014,WOOD MAK ,,,6x2.5,6x2.5,6x2.5,1
5015,WOOD MAK ,,,7x2.25,7x2.25,7x2.25,1
5016,WOOD MAK ,,,6.75x2.25,6.75x2.25,6.75x2.25,1
5017,WOOD MAK ,,,6.5x2.25,6.5x2.25,6.5x2.25,1
5018,WOOD MAK ,,,6.25x2.25,6.25x2.25,6.25x2.25,1
5019,WOOD MAK ,,,6x2.25,6x2.25,6x2.25,1
6000,STAR DOOR,,,7x3,7x3,7x3,1
6001,STAR DOOR,,,6.75x3,6.75x3,6.75x3,1
6002,STAR DOOR,,,6.5x3,6.5x3,6.5x3,1
6003,STAR DOOR,,,6.25x3,6.25x3,6.25x3,1
6004,STAR DOOR,,,6x3,6x3,6x3,1
6005,STAR DOOR,,,7x2.75,7x2.75,7x2.75,1
6006,STAR DOOR,,,6.75x2.75,6.75x2.75,6.75x2.75,1
6007,STAR DOOR,,,6.5x2.75,6.5x2.75,6.5x2.75,1
6008,STAR DOOR,,,6.25x2.75,6.25x2.75,6.25x2.75,1
6009,STAR DOOR,,,6x2.75,6x2.75,6x2.75,1
6010,STAR DOOR,,,7x2.5,7x2.5,7x2.5,1
6011,STAR DOOR,,,6.75x2.5,6.75x2.5,6.75x2.5,1
6012,STAR DOOR,,,6.5x2.5,6.5x2.5,6.5x2.5,1
6013,STAR DOOR,,,6.25x2.5,6.25x2.5,6.25x2.5,1
6014,STAR DOOR,,,6x2.5,6x2.5,6x2.5,1
6015,STAR DOOR,,,7x2.25,7x2.25,7x2.25,1
6016,STAR DOOR,,,6.75x2.25,6.75x2.25,6.75x2.25,1
6017,STAR DOOR,,,6.5x2.25,6.5x2.25,6.5x2.25,1
6018,STAR DOOR,,,6.25x2.25,6.25x2.25,6.25x2.25,1
6019,STAR DOOR,,,6x2.25,6x2.25,6x2.25,1
