11884,H/W 18MM,8x4,8x4,8x4,2
11874,H/W 18MM,7x4,7x4,7x4,2
11864,H/W 18MM,6x4,6x4,6x4,2
11854,H/W 18MM,5x4,5x4,5x4,2
11844,H/W 18MM,4x4,4x4,4x4,2
11883,H/W 18MM,8x3,8x3,8x3,2
11873,H/W 18MM,7x3,7x3,7x3,2
11863,H/W 18MM,6x3,6x3,6x3,2
11853,H/W 18MM,5x3,5x3,5x3,2
11843,H/W 18MM,4x3,4x3,4x3,2
11833,H/W 18MM,3x3,3x3,3x3,2
11882,H/W 18MM,8x2,8x2,8x2,2
11872,H/W 18MM,7x2,7x2,7x2,2
11862,H/W 18MM,6x2,6x2,6x2,2
11852,H/W 18MM,5x2,5x2,5x2,2
11842,H/W 18MM,4x2,4x2,4x2,2
11832,H/W 18MM,3x2,3x2,3x2,2
11822,H/W 18MM,2x2,2x2,2x2,2
11284,H/W 12MM,8x4,8x4,8x4,2
11274,H/W 12MM,7x4,7x4,7x4,2
11264,H/W 12MM,6x4,6x4,6x4,2
11254,H/W 12MM,5x4,5x4,5x4,2
11244,H/W 12MM,4x4,4x4,4x4,2
11283,H/W 12MM,8x3,8x3,8x3,2
11273,H/W 12MM,7x3,7x3,7x3,2
11263,H/W 12MM,6x3,6x3,6x3,2
11253,H/W 12MM,5x3,5x3,5x3,2
11243,H/W 12MM,4x3,4x3,4x3,2
11233,H/W 12MM,3x3,3x3,3x3,2
11282,H/W 12MM,8x2,8x2,8x2,2
11272,H/W 12MM,7x2,7x2,7x2,2
11262,H/W 12MM,6x2,6x2,6x2,2
11252,H/W 12MM,5x2,5x2,5x2,2
11242,H/W 12MM,4x2,4x2,4x2,2
11232,H/W 12MM,3x2,3x2,3x2,2
11222,H/W 12MM,2x2,2x2,2x2,2
1884,H/W 8MM,8x4,8x4,8x4,2
1874,H/W 8MM,7x4,7x4,7x4,2
1864,H/W 8MM,6x4,6x4,6x4,2
1854,H/W 8MM,5x4,5x4,5x4,2
1844,H/W 8MM,4x4,4x4,4x4,2
1883,H/W 8MM,8x3,8x3,8x3,2
1873,H/W 8MM,7x3,7x3,7x3,2
1863,H/W 8MM,6x3,6x3,6x3,2
1853,H/W 8MM,5x3,5x3,5x3,2
1843,H/W 8MM,4x3,4x3,4x3,2
1833,H/W 8MM,3x3,3x3,3x3,2
1882,H/W 8MM,8x2,8x2,8x2,2
1872,H/W 8MM,7x2,7x2,7x2,2
1862,H/W 8MM,6x2,6x2,6x2,2
1852,H/W 8MM,5x2,5x2,5x2,2
1842,H/W 8MM,4x2,4x2,4x2,2
1832,H/W 8MM,3x2,3x2,3x2,2
1822,H/W 8MM,2x2,2x2,2x2,2
1684,H/W 6MM,8x4,8x4,8x4,2
1674,H/W 6MM,7x4,7x4,7x4,2
1664,H/W 6MM,6x4,6x4,6x4,2
1654,H/W 6MM,5x4,5x4,5x4,2
1644,H/W 6MM,4x4,4x4,4x4,2
1683,H/W 6MM,8x3,8x3,8x3,2
1673,H/W 6MM,7x3,7x3,7x3,2
1663,H/W 6MM,6x3,6x3,6x3,2
1653,H/W 6MM,5x3,5x3,5x3,2
1643,H/W 6MM,4x3,4x3,4x3,2
1633,H/W 6MM,3x3,3x3,3x3,2
1682,H/W 6MM,8x2,8x2,8x2,2
1672,H/W 6MM,7x2,7x2,7x2,2
1662,H/W 6MM,6x2,6x2,6x2,2
1652,H/W 6MM,5x2,5x2,5x2,2
1642,H/W 6MM,4x2,4x2,4x2,2
1632,H/W 6MM,3x2,3x2,3x2,2
1622,H/W 6MM,2x2,2x2,2x2,2
1484,H/W 6MM,8x4,8x4,8x4,2
1474,H/W 6MM,7x4,7x4,7x4,2
1464,H/W 6MM,6x4,6x4,6x4,2
1454,H/W 6MM,5x4,5x4,5x4,2
1444,H/W 6MM,4x4,4x4,4x4,2
1483,H/W 6MM,8x3,8x3,8x3,2
1473,H/W 6MM,7x3,7x3,7x3,2
1463,H/W 6MM,6x3,6x3,6x3,2
1453,H/W 6MM,5x3,5x3,5x3,2
1443,H/W 6MM,4x3,4x3,4x3,2
1433,H/W 6MM,3x3,3x3,3x3,2
1482,H/W 6MM,8x2,8x2,8x2,2
1472,H/W 6MM,7x2,7x2,7x2,2
1462,H/W 6MM,6x2,6x2,6x2,2
1452,H/W 6MM,5x2,5x2,5x2,2
1442,H/W 6MM,4x2,4x2,4x2,2
1432,H/W 6MM,3x2,3x2,3x2,2
1422,H/W 6MM,2x2,2x2,2x2,2
21884,FUSION GOLD 18MM,8x4,8x4,8x4,2
21874,FUSION GOLD 18MM,7x4,7x4,7x4,2
21864,FUSION GOLD 18MM,6x4,6x4,6x4,2
21854,FUSION GOLD 18MM,5x4,5x4,5x4,2
21844,FUSION GOLD 18MM,4x4,4x4,4x4,2
21883,FUSION GOLD 18MM,8x3,8x3,8x3,2
21873,FUSION GOLD 18MM,7x3,7x3,7x3,2
21863,FUSION GOLD 18MM,6x3,6x3,6x3,2
21853,FUSION GOLD 18MM,5x3,5x3,5x3,2
21843,FUSION GOLD 18MM,4x3,4x3,4x3,2
21833,FUSION GOLD 18MM,3x3,3x3,3x3,2
21882,FUSION GOLD 18MM,8x2,8x2,8x2,2
21872,FUSION GOLD 18MM,7x2,7x2,7x2,2
21862,FUSION GOLD 18MM,6x2,6x2,6x2,2
21852,FUSION GOLD 18MM,5x2,5x2,5x2,2
21842,FUSION GOLD 18MM,4x2,4x2,4x2,2
21832,FUSION GOLD 18MM,3x2,3x2,3x2,2
21822,FUSION GOLD 18MM,2x2,2x2,2x2,2
21284,FUSION GOLD 12MM,8x4,8x4,8x4,2
21274,FUSION GOLD 12MM,7x4,7x4,7x4,2
21264,FUSION GOLD 12MM,6x4,6x4,6x4,2
21254,FUSION GOLD 12MM,5x4,5x4,5x4,2
21244,FUSION GOLD 12MM,4x4,4x4,4x4,2
21283,FUSION GOLD 12MM,8x3,8x3,8x3,2
21273,FUSION GOLD 12MM,7x3,7x3,7x3,2
21263,FUSION GOLD 12MM,6x3,6x3,6x3,2
21253,FUSION GOLD 12MM,5x3,5x3,5x3,2
21243,FUSION GOLD 12MM,4x3,4x3,4x3,2
21233,FUSION GOLD 12MM,3x3,3x3,3x3,2
21282,FUSION GOLD 12MM,8x2,8x2,8x2,2
21272,FUSION GOLD 12MM,7x2,7x2,7x2,2
21262,FUSION GOLD 12MM,6x2,6x2,6x2,2
21252,FUSION GOLD 12MM,5x2,5x2,5x2,2
21242,FUSION GOLD 12MM,4x2,4x2,4x2,2
21232,FUSION GOLD 12MM,3x2,3x2,3x2,2
21222,FUSION GOLD 12MM,2x2,2x2,2x2,2
2884,FUSION GOLD 8MM,8x4,8x4,8x4,2
2874,FUSION GOLD 8MM,7x4,7x4,7x4,2
2864,FUSION GOLD 8MM,6x4,6x4,6x4,2
2854,FUSION GOLD 8MM,5x4,5x4,5x4,2
2844,FUSION GOLD 8MM,4x4,4x4,4x4,2
2883,FUSION GOLD 8MM,8x3,8x3,8x3,2
2873,FUSION GOLD 8MM,7x3,7x3,7x3,2
2863,FUSION GOLD 8MM,6x3,6x3,6x3,2
2853,FUSION GOLD 8MM,5x3,5x3,5x3,2
2843,FUSION GOLD 8MM,4x3,4x3,4x3,2
2833,FUSION GOLD 8MM,3x3,3x3,3x3,2
2882,FUSION GOLD 8MM,8x2,8x2,8x2,2
2872,FUSION GOLD 8MM,7x2,7x2,7x2,2
2862,FUSION GOLD 8MM,6x2,6x2,6x2,2
2852,FUSION GOLD 8MM,5x2,5x2,5x2,2
2842,FUSION GOLD 8MM,4x2,4x2,4x2,2
2832,FUSION GOLD 8MM,3x2,3x2,3x2,2
2822,FUSION GOLD 8MM,2x2,2x2,2x2,2
2684,FUSION GOLD 6MM,8x4,8x4,8x4,2
2674,FUSION GOLD 6MM,7x4,7x4,7x4,2
2664,FUSION GOLD 6MM,6x4,6x4,6x4,2
2654,FUSION GOLD 6MM,5x4,5x4,5x4,2
2644,FUSION GOLD 6MM,4x4,4x4,4x4,2
2683,FUSION GOLD 6MM,8x3,8x3,8x3,2
2673,FUSION GOLD 6MM,7x3,7x3,7x3,2
2663,FUSION GOLD 6MM,6x3,6x3,6x3,2
2653,FUSION GOLD 6MM,5x3,5x3,5x3,2
2643,FUSION GOLD 6MM,4x3,4x3,4x3,2
2633,FUSION GOLD 6MM,3x3,3x3,3x3,2
2682,FUSION GOLD 6MM,8x2,8x2,8x2,2
2672,FUSION GOLD 6MM,7x2,7x2,7x2,2
2662,FUSION GOLD 6MM,6x2,6x2,6x2,2
2652,FUSION GOLD 6MM,5x2,5x2,5x2,2
2642,FUSION GOLD 6MM,4x2,4x2,4x2,2
2632,FUSION GOLD 6MM,3x2,3x2,3x2,2
2622,FUSION GOLD 6MM,2x2,2x2,2x2,2
2484,FUSION GOLD4MM,8x4,8x4,8x4,2
2474,FUSION GOLD4MM,7x4,7x4,7x4,2
2464,FUSION GOLD4MM,6x4,6x4,6x4,2
2454,FUSION GOLD4MM,5x4,5x4,5x4,2
2444,FUSION GOLD4MM,4x4,4x4,4x4,2
2483,FUSION GOLD4MM,8x3,8x3,8x3,2
2473,FUSION GOLD4MM,7x3,7x3,7x3,2
2463,FUSION GOLD4MM,6x3,6x3,6x3,2
2453,FUSION GOLD4MM,5x3,5x3,5x3,2
2443,FUSION GOLD4MM,4x3,4x3,4x3,2
2433,FUSION GOLD4MM,3x3,3x3,3x3,2
2482,FUSION GOLD4MM,8x2,8x2,8x2,2
2472,FUSION GOLD4MM,7x2,7x2,7x2,2
2462,FUSION GOLD4MM,6x2,6x2,6x2,2
2452,FUSION GOLD4MM,5x2,5x2,5x2,2
2442,FUSION GOLD4MM,4x2,4x2,4x2,2
2432,FUSION GOLD4MM,3x2,3x2,3x2,2
2422,FUSION GOLD4MM,2x2,2x2,2x2,2
31884,R/W 18,8x4,8x4,8x4,2
31874,R/W 18,7x4,7x4,7x4,2
31864,R/W 18,6x4,6x4,6x4,2
31854,R/W 18,5x4,5x4,5x4,2
31844,R/W 18,4x4,4x4,4x4,2
31883,R/W 18,8x3,8x3,8x3,2
31873,R/W 18,7x3,7x3,7x3,2
31863,R/W 18,6x3,6x3,6x3,2
31853,R/W 18,5x3,5x3,5x3,2
31843,R/W 18,4x3,4x3,4x3,2
31833,R/W 18,3x3,3x3,3x3,2
31882,R/W 18,8x2,8x2,8x2,2
31872,R/W 18,7x2,7x2,7x2,2
31862,R/W 18,6x2,6x2,6x2,2
31852,R/W 18,5x2,5x2,5x2,2
31842,R/W 18,4x2,4x2,4x2,2
31832,R/W 18,3x2,3x2,3x2,2
31822,R/W 18,2x2,2x2,2x2,2
31284,R/W 12,8x4,8x4,8x4,2
31274,R/W 12,7x4,7x4,7x4,2
31264,R/W 12,6x4,6x4,6x4,2
31254,R/W 12,5x4,5x4,5x4,2
31244,R/W 12,4x4,4x4,4x4,2
31283,R/W 12,8x3,8x3,8x3,2
31273,R/W 12,7x3,7x3,7x3,2
31263,R/W 12,6x3,6x3,6x3,2
31253,R/W 12,5x3,5x3,5x3,2
31243,R/W 12,4x3,4x3,4x3,2
31233,R/W 12,3x3,3x3,3x3,2
31282,R/W 12,8x2,8x2,8x2,2
31272,R/W 12,7x2,7x2,7x2,2
31262,R/W 12,6x2,6x2,6x2,2
31252,R/W 12,5x2,5x2,5x2,2
31242,R/W 12,4x2,4x2,4x2,2
31232,R/W 12,3x2,3x2,3x2,2
31222,R/W 12,2x2,2x2,2x2,2
3884,R/W 8,8x4,8x4,8x4,2
3874,R/W 8,7x4,7x4,7x4,2
3864,R/W 8,6x4,6x4,6x4,2
3854,R/W 8,5x4,5x4,5x4,2
3844,R/W 8,4x4,4x4,4x4,2
3883,R/W 8,8x3,8x3,8x3,2
3873,R/W 8,7x3,7x3,7x3,2
3863,R/W 8,6x3,6x3,6x3,2
3853,R/W 8,5x3,5x3,5x3,2
3843,R/W 8,4x3,4x3,4x3,2
3833,R/W 8,3x3,3x3,3x3,2
3882,R/W 8,8x2,8x2,8x2,2
3872,R/W 8,7x2,7x2,7x2,2
3862,R/W 8,6x2,6x2,6x2,2
3852,R/W 8,5x2,5x2,5x2,2
3842,R/W 8,4x2,4x2,4x2,2
3832,R/W 8,3x2,3x2,3x2,2
3822,R/W 8,2x2,2x2,2x2,2
3684,R/W 6,8x4,8x4,8x4,2
3674,R/W 6,7x4,7x4,7x4,2
3664,R/W 6,6x4,6x4,6x4,2
3654,R/W 6,5x4,5x4,5x4,2
3644,R/W 6,4x4,4x4,4x4,2
3683,R/W 6,8x3,8x3,8x3,2
3673,R/W 6,7x3,7x3,7x3,2
3663,R/W 6,6x3,6x3,6x3,2
3653,R/W 6,5x3,5x3,5x3,2
3643,R/W 6,4x3,4x3,4x3,2
3633,R/W 6,3x3,3x3,3x3,2
3682,R/W 6,8x2,8x2,8x2,2
3672,R/W 6,7x2,7x2,7x2,2
3662,R/W 6,6x2,6x2,6x2,2
3652,R/W 6,5x2,5x2,5x2,2
3642,R/W 6,4x2,4x2,4x2,2
3632,R/W 6,3x2,3x2,3x2,2
3622,R/W 6,2x2,2x2,2x2,2
3484,R/W 4,8x4,8x4,8x4,2
3474,R/W 4,7x4,7x4,7x4,2
3464,R/W 4,6x4,6x4,6x4,2
3454,R/W 4,5x4,5x4,5x4,2
3444,R/W 4,4x4,4x4,4x4,2
3483,R/W 4,8x3,8x3,8x3,2
3473,R/W 4,7x3,7x3,7x3,2
3463,R/W 4,6x3,6x3,6x3,2
3453,R/W 4,5x3,5x3,5x3,2
3443,R/W 4,4x3,4x3,4x3,2
3433,R/W 4,3x3,3x3,3x3,2
3482,R/W 4,8x2,8x2,8x2,2
3472,R/W 4,7x2,7x2,7x2,2
3462,R/W 4,6x2,6x2,6x2,2
3452,R/W 4,5x2,5x2,5x2,2
3442,R/W 4,4x2,4x2,4x2,2
3432,R/W 4,3x2,3x2,3x2,2
3422,R/W 4,2x2,2x2,2x2,2
41884,MYSUR GOLD 18MM,8x4,8x4,8x4,2
41874,MYSUR GOLD 18MM,7x4,7x4,7x4,2
41864,MYSUR GOLD 18MM,6x4,6x4,6x4,2
41854,MYSUR GOLD 18MM,5x4,5x4,5x4,2
41844,MYSUR GOLD 18MM,4x4,4x4,4x4,2
41883,MYSUR GOLD 18MM,8x3,8x3,8x3,2
41873,MYSUR GOLD 18MM,7x3,7x3,7x3,2
41863,MYSUR GOLD 18MM,6x3,6x3,6x3,2
41853,MYSUR GOLD 18MM,5x3,5x3,5x3,2
41843,MYSUR GOLD 18MM,4x3,4x3,4x3,2
41833,MYSUR GOLD 18MM,3x3,3x3,3x3,2
41882,MYSUR GOLD 18MM,8x2,8x2,8x2,2
41872,MYSUR GOLD 18MM,7x2,7x2,7x2,2
41862,MYSUR GOLD 18MM,6x2,6x2,6x2,2
41852,MYSUR GOLD 18MM,5x2,5x2,5x2,2
41842,MYSUR GOLD 18MM,4x2,4x2,4x2,2
41832,MYSUR GOLD 18MM,3x2,3x2,3x2,2
41822,MYSUR GOLD 18MM,2x2,2x2,2x2,2
41284,MYSUR GOLD 12MM,8x4,8x4,8x4,2
41274,MYSUR GOLD 12MM,7x4,7x4,7x4,2
41264,MYSUR GOLD 12MM,6x4,6x4,6x4,2
41254,MYSUR GOLD 12MM,5x4,5x4,5x4,2
41244,MYSUR GOLD 12MM,4x4,4x4,4x4,2
41283,MYSUR GOLD 12MM,8x3,8x3,8x3,2
41273,MYSUR GOLD 12MM,7x3,7x3,7x3,2
41263,MYSUR GOLD 12MM,6x3,6x3,6x3,2
41253,MYSUR GOLD 12MM,5x3,5x3,5x3,2
41243,MYSUR GOLD 12MM,4x3,4x3,4x3,2
41233,MYSUR GOLD 12MM,3x3,3x3,3x3,2
41282,MYSUR GOLD 12MM,8x2,8x2,8x2,2
41272,MYSUR GOLD 12MM,7x2,7x2,7x2,2
41262,MYSUR GOLD 12MM,6x2,6x2,6x2,2
41252,MYSUR GOLD 12MM,5x2,5x2,5x2,2
41242,MYSUR GOLD 12MM,4x2,4x2,4x2,2
41232,MYSUR GOLD 12MM,3x2,3x2,3x2,2
41222,MYSUR GOLD 12MM,2x2,2x2,2x2,2
4884,MYSUR GOLD 8MM,8x4,8x4,8x4,2
4874,MYSUR GOLD 8MM,7x4,7x4,7x4,2
4864,MYSUR GOLD 8MM,6x4,6x4,6x4,2
4854,MYSUR GOLD 8MM,5x4,5x4,5x4,2
4844,MYSUR GOLD 8MM,4x4,4x4,4x4,2
4883,MYSUR GOLD 8MM,8x3,8x3,8x3,2
4873,MYSUR GOLD 8MM,7x3,7x3,7x3,2
4863,MYSUR GOLD 8MM,6x3,6x3,6x3,2
4853,MYSUR GOLD 8MM,5x3,5x3,5x3,2
4843,MYSUR GOLD 8MM,4x3,4x3,4x3,2
4833,MYSUR GOLD 8MM,3x3,3x3,3x3,2
4882,MYSUR GOLD 8MM,8x2,8x2,8x2,2
4872,MYSUR GOLD 8MM,7x2,7x2,7x2,2
4862,MYSUR GOLD 8MM,6x2,6x2,6x2,2
4852,MYSUR GOLD 8MM,5x2,5x2,5x2,2
4842,MYSUR GOLD 8MM,4x2,4x2,4x2,2
4832,MYSUR GOLD 8MM,3x2,3x2,3x2,2
4822,MYSUR GOLD 8MM,2x2,2x2,2x2,2
4684,MYSUR GOLD 6MM,8x4,8x4,8x4,2
4674,MYSUR GOLD 6MM,7x4,7x4,7x4,2
4664,MYSUR GOLD 6MM,6x4,6x4,6x4,2
4654,MYSUR GOLD 6MM,5x4,5x4,5x4,2
4644,MYSUR GOLD 6MM,4x4,4x4,4x4,2
4683,MYSUR GOLD 6MM,8x3,8x3,8x3,2
4673,MYSUR GOLD 6MM,7x3,7x3,7x3,2
4663,MYSUR GOLD 6MM,6x3,6x3,6x3,2
4653,MYSUR GOLD 6MM,5x3,5x3,5x3,2
4643,MYSUR GOLD 6MM,4x3,4x3,4x3,2
4633,MYSUR GOLD 6MM,3x3,3x3,3x3,2
4682,MYSUR GOLD 6MM,8x2,8x2,8x2,2
4672,MYSUR GOLD 6MM,7x2,7x2,7x2,2
4662,MYSUR GOLD 6MM,6x2,6x2,6x2,2
4652,MYSUR GOLD 6MM,5x2,5x2,5x2,2
4642,MYSUR GOLD 6MM,4x2,4x2,4x2,2
4632,MYSUR GOLD 6MM,3x2,3x2,3x2,2
4622,MYSUR GOLD 6MM,2x2,2x2,2x2,2
4484,MYSUR GOLD 4MM,8x4,8x4,8x4,2
4474,MYSUR GOLD 4MM,7x4,7x4,7x4,2
4464,MYSUR GOLD 4MM,6x4,6x4,6x4,2
4454,MYSUR GOLD 4MM,5x4,5x4,5x4,2
4444,MYSUR GOLD 4MM,4x4,4x4,4x4,2
4483,MYSUR GOLD 4MM,8x3,8x3,8x3,2
4473,MYSUR GOLD 4MM,7x3,7x3,7x3,2
4463,MYSUR GOLD 4MM,6x3,6x3,6x3,2
4453,MYSUR GOLD 4MM,5x3,5x3,5x3,2
4443,MYSUR GOLD 4MM,4x3,4x3,4x3,2
4433,MYSUR GOLD 4MM,3x3,3x3,3x3,2
4482,MYSUR GOLD 4MM,8x2,8x2,8x2,2
4472,MYSUR GOLD 4MM,7x2,7x2,7x2,2
4462,MYSUR GOLD 4MM,6x2,6x2,6x2,2
4452,MYSUR GOLD 4MM,5x2,5x2,5x2,2
4442,MYSUR GOLD 4MM,4x2,4x2,4x2,2
4432,MYSUR GOLD 4MM,3x2,3x2,3x2,2
4422,MYSUR GOLD 4MM,2x2,2x2,2x2,2
51884,INDIA PRESTEGE 18MM,8x4,8x4,8x4,2
51874,INDIA PRESTEGE 18MM,7x4,7x4,7x4,2
51864,INDIA PRESTEGE 18MM,6x4,6x4,6x4,2
51854,INDIA PRESTEGE 18MM,5x4,5x4,5x4,2
51844,INDIA PRESTEGE 18MM,4x4,4x4,4x4,2
51883,INDIA PRESTEGE 18MM,8x3,8x3,8x3,2
51873,INDIA PRESTEGE 18MM,7x3,7x3,7x3,2
51863,INDIA PRESTEGE 18MM,6x3,6x3,6x3,2
51853,INDIA PRESTEGE 18MM,5x3,5x3,5x3,2
51843,INDIA PRESTEGE 18MM,4x3,4x3,4x3,2
51833,INDIA PRESTEGE 18MM,3x3,3x3,3x3,2
51882,INDIA PRESTEGE 18MM,8x2,8x2,8x2,2
51872,INDIA PRESTEGE 18MM,7x2,7x2,7x2,2
51862,INDIA PRESTEGE 18MM,6x2,6x2,6x2,2
51852,INDIA PRESTEGE 18MM,5x2,5x2,5x2,2
51842,INDIA PRESTEGE 18MM,4x2,4x2,4x2,2
51832,INDIA PRESTEGE 18MM,3x2,3x2,3x2,2
51822,INDIA PRESTEGE 18MM,2x2,2x2,2x2,2
51284,INDIA PRESTEGE 12MM,8x4,8x4,8x4,2
51274,INDIA PRESTEGE 12MM,7x4,7x4,7x4,2
51264,INDIA PRESTEGE 12MM,6x4,6x4,6x4,2
51254,INDIA PRESTEGE 12MM,5x4,5x4,5x4,2
51244,INDIA PRESTEGE 12MM,4x4,4x4,4x4,2
51283,INDIA PRESTEGE 12MM,8x3,8x3,8x3,2
51273,INDIA PRESTEGE 12MM,7x3,7x3,7x3,2
51263,INDIA PRESTEGE 12MM,6x3,6x3,6x3,2
51253,INDIA PRESTEGE 12MM,5x3,5x3,5x3,2
51243,INDIA PRESTEGE 12MM,4x3,4x3,4x3,2
51233,INDIA PRESTEGE 12MM,3x3,3x3,3x3,2
51282,INDIA PRESTEGE 12MM,8x2,8x2,8x2,2
51272,INDIA PRESTEGE 12MM,7x2,7x2,7x2,2
51262,INDIA PRESTEGE 12MM,6x2,6x2,6x2,2
51252,INDIA PRESTEGE 12MM,5x2,5x2,5x2,2
51242,INDIA PRESTEGE 12MM,4x2,4x2,4x2,2
51232,INDIA PRESTEGE 12MM,3x2,3x2,3x2,2
51222,INDIA PRESTEGE 12MM,2x2,2x2,2x2,2
5884,INDIA PRESTEGE 8MM,8x4,8x4,8x4,2
5874,INDIA PRESTEGE 8MM,7x4,7x4,7x4,2
5864,INDIA PRESTEGE 8MM,6x4,6x4,6x4,2
5854,INDIA PRESTEGE 8MM,5x4,5x4,5x4,2
5844,INDIA PRESTEGE 8MM,4x4,4x4,4x4,2
5883,INDIA PRESTEGE 8MM,8x3,8x3,8x3,2
5873,INDIA PRESTEGE 8MM,7x3,7x3,7x3,2
5863,INDIA PRESTEGE 8MM,6x3,6x3,6x3,2
5853,INDIA PRESTEGE 8MM,5x3,5x3,5x3,2
5843,INDIA PRESTEGE 8MM,4x3,4x3,4x3,2
5833,INDIA PRESTEGE 8MM,3x3,3x3,3x3,2
5882,INDIA PRESTEGE 8MM,8x2,8x2,8x2,2
5872,INDIA PRESTEGE 8MM,7x2,7x2,7x2,2
5862,INDIA PRESTEGE 8MM,6x2,6x2,6x2,2
5852,INDIA PRESTEGE 8MM,5x2,5x2,5x2,2
5842,INDIA PRESTEGE 8MM,4x2,4x2,4x2,2
5832,INDIA PRESTEGE 8MM,3x2,3x2,3x2,2
5822,INDIA PRESTEGE 8MM,2x2,2x2,2x2,2
5684,INDIA PRESTEGE6MM,8x4,8x4,8x4,2
5674,INDIA PRESTEGE6MM,7x4,7x4,7x4,2
5664,INDIA PRESTEGE6MM,6x4,6x4,6x4,2
5654,INDIA PRESTEGE6MM,5x4,5x4,5x4,2
5644,INDIA PRESTEGE6MM,4x4,4x4,4x4,2
5683,INDIA PRESTEGE6MM,8x3,8x3,8x3,2
5673,INDIA PRESTEGE6MM,7x3,7x3,7x3,2
5663,INDIA PRESTEGE6MM,6x3,6x3,6x3,2
5653,INDIA PRESTEGE6MM,5x3,5x3,5x3,2
5643,INDIA PRESTEGE6MM,4x3,4x3,4x3,2
5633,INDIA PRESTEGE6MM,3x3,3x3,3x3,2
5682,INDIA PRESTEGE6MM,8x2,8x2,8x2,2
5672,INDIA PRESTEGE6MM,7x2,7x2,7x2,2
5662,INDIA PRESTEGE6MM,6x2,6x2,6x2,2
5652,INDIA PRESTEGE6MM,5x2,5x2,5x2,2
5642,INDIA PRESTEGE6MM,4x2,4x2,4x2,2
5632,INDIA PRESTEGE6MM,3x2,3x2,3x2,2
5622,INDIA PRESTEGE6MM,2x2,2x2,2x2,2
5484,INDIA PRESTEGE4MM,8x4,8x4,8x4,2
5474,INDIA PRESTEGE4MM,7x4,7x4,7x4,2
5464,INDIA PRESTEGE4MM,6x4,6x4,6x4,2
5454,INDIA PRESTEGE4MM,5x4,5x4,5x4,2
5444,INDIA PRESTEGE4MM,4x4,4x4,4x4,2
5483,INDIA PRESTEGE4MM,8x3,8x3,8x3,2
5473,INDIA PRESTEGE4MM,7x3,7x3,7x3,2
5463,INDIA PRESTEGE4MM,6x3,6x3,6x3,2
5453,INDIA PRESTEGE4MM,5x3,5x3,5x3,2
5443,INDIA PRESTEGE4MM,4x3,4x3,4x3,2
5433,INDIA PRESTEGE4MM,3x3,3x3,3x3,2
5482,INDIA PRESTEGE4MM,8x2,8x2,8x2,2
5472,INDIA PRESTEGE4MM,7x2,7x2,7x2,2
5462,INDIA PRESTEGE4MM,6x2,6x2,6x2,2
5452,INDIA PRESTEGE4MM,5x2,5x2,5x2,2
5442,INDIA PRESTEGE4MM,4x2,4x2,4x2,2
5432,INDIA PRESTEGE4MM,3x2,3x2,3x2,2
5422,INDIA PRESTEGE4MM,2x2,2x2,2x2,2
61884,NANDINI 18MM,8x4,8x4,8x4,2
61874,NANDINI 18MM,7x4,7x4,7x4,2
61864,NANDINI 18MM,6x4,6x4,6x4,2
61854,NANDINI 18MM,5x4,5x4,5x4,2
61844,NANDINI 18MM,4x4,4x4,4x4,2
61883,NANDINI 18MM,8x3,8x3,8x3,2
61873,NANDINI 18MM,7x3,7x3,7x3,2
61863,NANDINI 18MM,6x3,6x3,6x3,2
61853,NANDINI 18MM,5x3,5x3,5x3,2
61843,NANDINI 18MM,4x3,4x3,4x3,2
61833,NANDINI 18MM,3x3,3x3,3x3,2
61882,NANDINI 18MM,8x2,8x2,8x2,2
61872,NANDINI 18MM,7x2,7x2,7x2,2
61862,NANDINI 18MM,6x2,6x2,6x2,2
61852,NANDINI 18MM,5x2,5x2,5x2,2
61842,NANDINI 18MM,4x2,4x2,4x2,2
61832,NANDINI 18MM,3x2,3x2,3x2,2
61822,NANDINI 18MM,2x2,2x2,2x2,2
61284,NANDINI 12MM,8x4,8x4,8x4,2
61274,NANDINI 12MM,7x4,7x4,7x4,2
61264,NANDINI 12MM,6x4,6x4,6x4,2
61254,NANDINI 12MM,5x4,5x4,5x4,2
61244,NANDINI 12MM,4x4,4x4,4x4,2
61283,NANDINI 12MM,8x3,8x3,8x3,2
61273,NANDINI 12MM,7x3,7x3,7x3,2
61263,NANDINI 12MM,6x3,6x3,6x3,2
61253,NANDINI 12MM,5x3,5x3,5x3,2
61243,NANDINI 12MM,4x3,4x3,4x3,2
61233,NANDINI 12MM,3x3,3x3,3x3,2
61282,NANDINI 12MM,8x2,8x2,8x2,2
61272,NANDINI 12MM,7x2,7x2,7x2,2
61262,NANDINI 12MM,6x2,6x2,6x2,2
61252,NANDINI 12MM,5x2,5x2,5x2,2
61242,NANDINI 12MM,4x2,4x2,4x2,2
61232,NANDINI 12MM,3x2,3x2,3x2,2
61222,NANDINI 12MM,2x2,2x2,2x2,2
6884,NANDINI 8MM,8x4,8x4,8x4,2
6874,NANDINI 8MM,7x4,7x4,7x4,2
6864,NANDINI 8MM,6x4,6x4,6x4,2
6854,NANDINI 8MM,5x4,5x4,5x4,2
6844,NANDINI 8MM,4x4,4x4,4x4,2
6883,NANDINI 8MM,8x3,8x3,8x3,2
6873,NANDINI 8MM,7x3,7x3,7x3,2
6863,NANDINI 8MM,6x3,6x3,6x3,2
6853,NANDINI 8MM,5x3,5x3,5x3,2
6843,NANDINI 8MM,4x3,4x3,4x3,2
6833,NANDINI 8MM,3x3,3x3,3x3,2
6882,NANDINI 8MM,8x2,8x2,8x2,2
6872,NANDINI 8MM,7x2,7x2,7x2,2
6862,NANDINI 8MM,6x2,6x2,6x2,2
6852,NANDINI 8MM,5x2,5x2,5x2,2
6842,NANDINI 8MM,4x2,4x2,4x2,2
6832,NANDINI 8MM,3x2,3x2,3x2,2
6822,NANDINI 8MM,2x2,2x2,2x2,2
6684,NANDINI 6MM,8x4,8x4,8x4,2
6674,NANDINI 6MM,7x4,7x4,7x4,2
6664,NANDINI 6MM,6x4,6x4,6x4,2
6654,NANDINI 6MM,5x4,5x4,5x4,2
6644,NANDINI 6MM,4x4,4x4,4x4,2
6683,NANDINI 6MM,8x3,8x3,8x3,2
6673,NANDINI 6MM,7x3,7x3,7x3,2
6663,NANDINI 6MM,6x3,6x3,6x3,2
6653,NANDINI 6MM,5x3,5x3,5x3,2
6643,NANDINI 6MM,4x3,4x3,4x3,2
6633,NANDINI 6MM,3x3,3x3,3x3,2
6682,NANDINI 6MM,8x2,8x2,8x2,2
6672,NANDINI 6MM,7x2,7x2,7x2,2
6662,NANDINI 6MM,6x2,6x2,6x2,2
6652,NANDINI 6MM,5x2,5x2,5x2,2
6642,NANDINI 6MM,4x2,4x2,4x2,2
6632,NANDINI 6MM,3x2,3x2,3x2,2
6622,NANDINI 6MM,2x2,2x2,2x2,2
6484,NANDINI 4MM,8x4,8x4,8x4,2
6474,NANDINI 4MM,7x4,7x4,7x4,2
6464,NANDINI 4MM,6x4,6x4,6x4,2
6454,NANDINI 4MM,5x4,5x4,5x4,2
6444,NANDINI 4MM,4x4,4x4,4x4,2
6483,NANDINI 4MM,8x3,8x3,8x3,2
6473,NANDINI 4MM,7x3,7x3,7x3,2
6463,NANDINI 4MM,6x3,6x3,6x3,2
6453,NANDINI 4MM,5x3,5x3,5x3,2
6443,NANDINI 4MM,4x3,4x3,4x3,2
6433,NANDINI 4MM,3x3,3x3,3x3,2
6482,NANDINI 4MM,8x2,8x2,8x2,2
6472,NANDINI 4MM,7x2,7x2,7x2,2
6462,NANDINI 4MM,6x2,6x2,6x2,2
6452,NANDINI 4MM,5x2,5x2,5x2,2
6442,NANDINI 4MM,4x2,4x2,4x2,2
6432,NANDINI 4MM,3x2,3x2,3x2,2
6422,NANDINI 4MM,2x2,2x2,2x2,2
71884,M.T.F 18MM,8x4,8x4,8x4,2
71874,M.T.F 18MM,7x4,7x4,7x4,2
71864,M.T.F 18MM,6x4,6x4,6x4,2
71854,M.T.F 18MM,5x4,5x4,5x4,2
71844,M.T.F 18MM,4x4,4x4,4x4,2
71883,M.T.F 18MM,8x3,8x3,8x3,2
71873,M.T.F 18MM,7x3,7x3,7x3,2
71863,M.T.F 18MM,6x3,6x3,6x3,2
71853,M.T.F 18MM,5x3,5x3,5x3,2
71843,M.T.F 18MM,4x3,4x3,4x3,2
71833,M.T.F 18MM,3x3,3x3,3x3,2
71882,M.T.F 18MM,8x2,8x2,8x2,2
71872,M.T.F 18MM,7x2,7x2,7x2,2
71862,M.T.F 18MM,6x2,6x2,6x2,2
71852,M.T.F 18MM,5x2,5x2,5x2,2
71842,M.T.F 18MM,4x2,4x2,4x2,2
71832,M.T.F 18MM,3x2,3x2,3x2,2
71822,M.T.F 18MM,2x2,2x2,2x2,2
71284,M.T.F 12MM,8x4,8x4,8x4,2
71274,M.T.F 12MM,7x4,7x4,7x4,2
71264,M.T.F 12MM,6x4,6x4,6x4,2
71254,M.T.F 12MM,5x4,5x4,5x4,2
71244,M.T.F 12MM,4x4,4x4,4x4,2
71283,M.T.F 12MM,8x3,8x3,8x3,2
71273,M.T.F 12MM,7x3,7x3,7x3,2
71263,M.T.F 12MM,6x3,6x3,6x3,2
71253,M.T.F 12MM,5x3,5x3,5x3,2
71243,M.T.F 12MM,4x3,4x3,4x3,2
71233,M.T.F 12MM,3x3,3x3,3x3,2
71282,M.T.F 12MM,8x2,8x2,8x2,2
71272,M.T.F 12MM,7x2,7x2,7x2,2
71262,M.T.F 12MM,6x2,6x2,6x2,2
71252,M.T.F 12MM,5x2,5x2,5x2,2
71242,M.T.F 12MM,4x2,4x2,4x2,2
71232,M.T.F 12MM,3x2,3x2,3x2,2
71222,M.T.F 12MM,2x2,2x2,2x2,2
7884,M.T.F 8MM,8x4,8x4,8x4,2
7874,M.T.F 8MM,7x4,7x4,7x4,2
7864,M.T.F 8MM,6x4,6x4,6x4,2
7854,M.T.F 8MM,5x4,5x4,5x4,2
7844,M.T.F 8MM,4x4,4x4,4x4,2
7883,M.T.F 8MM,8x3,8x3,8x3,2
7873,M.T.F 8MM,7x3,7x3,7x3,2
7863,M.T.F 8MM,6x3,6x3,6x3,2
7853,M.T.F 8MM,5x3,5x3,5x3,2
7843,M.T.F 8MM,4x3,4x3,4x3,2
7833,M.T.F 8MM,3x3,3x3,3x3,2
7882,M.T.F 8MM,8x2,8x2,8x2,2
7872,M.T.F 8MM,7x2,7x2,7x2,2
7862,M.T.F 8MM,6x2,6x2,6x2,2
7852,M.T.F 8MM,5x2,5x2,5x2,2
7842,M.T.F 8MM,4x2,4x2,4x2,2
7832,M.T.F 8MM,3x2,3x2,3x2,2
7822,M.T.F 8MM,2x2,2x2,2x2,2
7684,M.T.F 6MM,8x4,8x4,8x4,2
7674,M.T.F 6MM,7x4,7x4,7x4,2
7664,M.T.F 6MM,6x4,6x4,6x4,2
7654,M.T.F 6MM,5x4,5x4,5x4,2
7644,M.T.F 6MM,4x4,4x4,4x4,2
7683,M.T.F 6MM,8x3,8x3,8x3,2
7673,M.T.F 6MM,7x3,7x3,7x3,2
7663,M.T.F 6MM,6x3,6x3,6x3,2
7653,M.T.F 6MM,5x3,5x3,5x3,2
7643,M.T.F 6MM,4x3,4x3,4x3,2
7633,M.T.F 6MM,3x3,3x3,3x3,2
7682,M.T.F 6MM,8x2,8x2,8x2,2
7672,M.T.F 6MM,7x2,7x2,7x2,2
7662,M.T.F 6MM,6x2,6x2,6x2,2
7652,M.T.F 6MM,5x2,5x2,5x2,2
7642,M.T.F 6MM,4x2,4x2,4x2,2
7632,M.T.F 6MM,3x2,3x2,3x2,2
7622,M.T.F 6MM,2x2,2x2,2x2,2
7484,M.T.F 4MM,8x4,8x4,8x4,2
7474,M.T.F 4MM,7x4,7x4,7x4,2
7464,M.T.F 4MM,6x4,6x4,6x4,2
7454,M.T.F 4MM,5x4,5x4,5x4,2
7444,M.T.F 4MM,4x4,4x4,4x4,2
7483,M.T.F 4MM,8x3,8x3,8x3,2
7473,M.T.F 4MM,7x3,7x3,7x3,2
7463,M.T.F 4MM,6x3,6x3,6x3,2
7453,M.T.F 4MM,5x3,5x3,5x3,2
7443,M.T.F 4MM,4x3,4x3,4x3,2
7433,M.T.F 4MM,3x3,3x3,3x3,2
7482,M.T.F 4MM,8x2,8x2,8x2,2
7472,M.T.F 4MM,7x2,7x2,7x2,2
7462,M.T.F 4MM,6x2,6x2,6x2,2
7452,M.T.F 4MM,5x2,5x2,5x2,2
7442,M.T.F 4MM,4x2,4x2,4x2,2
7432,M.T.F 4MM,3x2,3x2,3x2,2
7422,M.T.F 4MM,2x2,2x2,2x2,2
81884,O.S.T 18MM,8x4,8x4,8x4,2
81874,O.S.T 18MM,7x4,7x4,7x4,2
81864,O.S.T 18MM,6x4,6x4,6x4,2
81854,O.S.T 18MM,5x4,5x4,5x4,2
81844,O.S.T 18MM,4x4,4x4,4x4,2
81883,O.S.T 18MM,8x3,8x3,8x3,2
81873,O.S.T 18MM,7x3,7x3,7x3,2
81863,O.S.T 18MM,6x3,6x3,6x3,2
81853,O.S.T 18MM,5x3,5x3,5x3,2
81843,O.S.T 18MM,4x3,4x3,4x3,2
81833,O.S.T 18MM,3x3,3x3,3x3,2
81882,O.S.T 18MM,8x2,8x2,8x2,2
81872,O.S.T 18MM,7x2,7x2,7x2,2
81862,O.S.T 18MM,6x2,6x2,6x2,2
81852,O.S.T 18MM,5x2,5x2,5x2,2
81842,O.S.T 18MM,4x2,4x2,4x2,2
81832,O.S.T 18MM,3x2,3x2,3x2,2
81822,O.S.T 18MM,2x2,2x2,2x2,2
81284,O.S.T 12MM,8x4,8x4,8x4,2
81274,O.S.T 12MM,7x4,7x4,7x4,2
81264,O.S.T 12MM,6x4,6x4,6x4,2
81254,O.S.T 12MM,5x4,5x4,5x4,2
81244,O.S.T 12MM,4x4,4x4,4x4,2
81283,O.S.T 12MM,8x3,8x3,8x3,2
81273,O.S.T 12MM,7x3,7x3,7x3,2
81263,O.S.T 12MM,6x3,6x3,6x3,2
81253,O.S.T 12MM,5x3,5x3,5x3,2
81243,O.S.T 12MM,4x3,4x3,4x3,2
81233,O.S.T 12MM,3x3,3x3,3x3,2
81282,O.S.T 12MM,8x2,8x2,8x2,2
81272,O.S.T 12MM,7x2,7x2,7x2,2
81262,O.S.T 12MM,6x2,6x2,6x2,2
81252,O.S.T 12MM,5x2,5x2,5x2,2
81242,O.S.T 12MM,4x2,4x2,4x2,2
81232,O.S.T 12MM,3x2,3x2,3x2,2
81222,O.S.T 12MM,2x2,2x2,2x2,2
8884,O.S.T 8MM,8x4,8x4,8x4,2
8874,O.S.T 8MM,7x4,7x4,7x4,2
8864,O.S.T 8MM,6x4,6x4,6x4,2
8854,O.S.T 8MM,5x4,5x4,5x4,2
8844,O.S.T 8MM,4x4,4x4,4x4,2
8883,O.S.T 8MM,8x3,8x3,8x3,2
8873,O.S.T 8MM,7x3,7x3,7x3,2
8863,O.S.T 8MM,6x3,6x3,6x3,2
8853,O.S.T 8MM,5x3,5x3,5x3,2
8843,O.S.T 8MM,4x3,4x3,4x3,2
8833,O.S.T 8MM,3x3,3x3,3x3,2
8882,O.S.T 8MM,8x2,8x2,8x2,2
8872,O.S.T 8MM,7x2,7x2,7x2,2
8862,O.S.T 8MM,6x2,6x2,6x2,2
8852,O.S.T 8MM,5x2,5x2,5x2,2
8842,O.S.T 8MM,4x2,4x2,4x2,2
8832,O.S.T 8MM,3x2,3x2,3x2,2
8822,O.S.T 8MM,2x2,2x2,2x2,2
8684,O.S.T 6MM,8x4,8x4,8x4,2
8674,O.S.T 6MM,7x4,7x4,7x4,2
8664,O.S.T 6MM,6x4,6x4,6x4,2
8654,O.S.T 6MM,5x4,5x4,5x4,2
8644,O.S.T 6MM,4x4,4x4,4x4,2
8683,O.S.T 6MM,8x3,8x3,8x3,2
8673,O.S.T 6MM,7x3,7x3,7x3,2
8663,O.S.T 6MM,6x3,6x3,6x3,2
8653,O.S.T 6MM,5x3,5x3,5x3,2
8643,O.S.T 6MM,4x3,4x3,4x3,2
8633,O.S.T 6MM,3x3,3x3,3x3,2
8682,O.S.T 6MM,8x2,8x2,8x2,2
8672,O.S.T 6MM,7x2,7x2,7x2,2
8662,O.S.T 6MM,6x2,6x2,6x2,2
8652,O.S.T 6MM,5x2,5x2,5x2,2
8642,O.S.T 6MM,4x2,4x2,4x2,2
8632,O.S.T 6MM,3x2,3x2,3x2,2
8622,O.S.T 6MM,2x2,2x2,2x2,2
8484,O.S.T 4MM,8x4,8x4,8x4,2
8474,O.S.T 4MM,7x4,7x4,7x4,2
8464,O.S.T 4MM,6x4,6x4,6x4,2
8454,O.S.T 4MM,5x4,5x4,5x4,2
8444,O.S.T 4MM,4x4,4x4,4x4,2
8483,O.S.T 4MM,8x3,8x3,8x3,2
8473,O.S.T 4MM,7x3,7x3,7x3,2
8463,O.S.T 4MM,6x3,6x3,6x3,2
8453,O.S.T 4MM,5x3,5x3,5x3,2
8443,O.S.T 4MM,4x3,4x3,4x3,2
8433,O.S.T 4MM,3x3,3x3,3x3,2
8482,O.S.T 4MM,8x2,8x2,8x2,2
8472,O.S.T 4MM,7x2,7x2,7x2,2
8462,O.S.T 4MM,6x2,6x2,6x2,2
8452,O.S.T 4MM,5x2,5x2,5x2,2
8442,O.S.T 4MM,4x2,4x2,4x2,2
8432,O.S.T 4MM,3x2,3x2,3x2,2
8422,O.S.T 4MM,2x2,2x2,2x2,2
91884,PLAY WOOD 18MM,8x4,8x4,8x4,2
91874,PLAY WOOD 18MM,7x4,7x4,7x4,2
91864,PLAY WOOD 18MM,6x4,6x4,6x4,2
91854,PLAY WOOD 18MM,5x4,5x4,5x4,2
91844,PLAY WOOD 18MM,4x4,4x4,4x4,2
91883,PLAY WOOD 18MM,8x3,8x3,8x3,2
91873,PLAY WOOD 18MM,7x3,7x3,7x3,2
91863,PLAY WOOD 18MM,6x3,6x3,6x3,2
91853,PLAY WOOD 18MM,5x3,5x3,5x3,2
91843,PLAY WOOD 18MM,4x3,4x3,4x3,2
91833,PLAY WOOD 18MM,3x3,3x3,3x3,2
91882,PLAY WOOD 18MM,8x2,8x2,8x2,2
91872,PLAY WOOD 18MM,7x2,7x2,7x2,2
91862,PLAY WOOD 18MM,6x2,6x2,6x2,2
91852,PLAY WOOD 18MM,5x2,5x2,5x2,2
91842,PLAY WOOD 18MM,4x2,4x2,4x2,2
91832,PLAY WOOD 18MM,3x2,3x2,3x2,2
91822,PLAY WOOD 18MM,2x2,2x2,2x2,2
91284,PLAY WOOD 12MM,8x4,8x4,8x4,2
91274,PLAY WOOD 12MM,7x4,7x4,7x4,2
91264,PLAY WOOD 12MM,6x4,6x4,6x4,2
91254,PLAY WOOD 12MM,5x4,5x4,5x4,2
91244,PLAY WOOD 12MM,4x4,4x4,4x4,2
91283,PLAY WOOD 12MM,8x3,8x3,8x3,2
91273,PLAY WOOD 12MM,7x3,7x3,7x3,2
91263,PLAY WOOD 12MM,6x3,6x3,6x3,2
91253,PLAY WOOD 12MM,5x3,5x3,5x3,2
91243,PLAY WOOD 12MM,4x3,4x3,4x3,2
91233,PLAY WOOD 12MM,3x3,3x3,3x3,2
91282,PLAY WOOD 12MM,8x2,8x2,8x2,2
91272,PLAY WOOD 12MM,7x2,7x2,7x2,2
91262,PLAY WOOD 12MM,6x2,6x2,6x2,2
91252,PLAY WOOD 12MM,5x2,5x2,5x2,2
91242,PLAY WOOD 12MM,4x2,4x2,4x2,2
91232,PLAY WOOD 12MM,3x2,3x2,3x2,2
91222,PLAY WOOD 12MM,2x2,2x2,2x2,2
9884,PLAY WOOD 8MM,8x4,8x4,8x4,2
9874,PLAY WOOD 8MM,7x4,7x4,7x4,2
9864,PLAY WOOD 8MM,6x4,6x4,6x4,2
9854,PLAY WOOD 8MM,5x4,5x4,5x4,2
9844,PLAY WOOD 8MM,4x4,4x4,4x4,2
9883,PLAY WOOD 8MM,8x3,8x3,8x3,2
9873,PLAY WOOD 8MM,7x3,7x3,7x3,2
9863,PLAY WOOD 8MM,6x3,6x3,6x3,2
9853,PLAY WOOD 8MM,5x3,5x3,5x3,2
9843,PLAY WOOD 8MM,4x3,4x3,4x3,2
9833,PLAY WOOD 8MM,3x3,3x3,3x3,2
9882,PLAY WOOD 8MM,8x2,8x2,8x2,2
9872,PLAY WOOD 8MM,7x2,7x2,7x2,2
9862,PLAY WOOD 8MM,6x2,6x2,6x2,2
9852,PLAY WOOD 8MM,5x2,5x2,5x2,2
9842,PLAY WOOD 8MM,4x2,4x2,4x2,2
9832,PLAY WOOD 8MM,3x2,3x2,3x2,2
9822,PLAY WOOD 8MM,2x2,2x2,2x2,2
9684,PLAY WOOD 6MM,8x4,8x4,8x4,2
9674,PLAY WOOD 6MM,7x4,7x4,7x4,2
9664,PLAY WOOD 6MM,6x4,6x4,6x4,2
9654,PLAY WOOD 6MM,5x4,5x4,5x4,2
9644,PLAY WOOD 6MM,4x4,4x4,4x4,2
9683,PLAY WOOD 6MM,8x3,8x3,8x3,2
9673,PLAY WOOD 6MM,7x3,7x3,7x3,2
9663,PLAY WOOD 6MM,6x3,6x3,6x3,2
9653,PLAY WOOD 6MM,5x3,5x3,5x3,2
9643,PLAY WOOD 6MM,4x3,4x3,4x3,2
9633,PLAY WOOD 6MM,3x3,3x3,3x3,2
9682,PLAY WOOD 6MM,8x2,8x2,8x2,2
9672,PLAY WOOD 6MM,7x2,7x2,7x2,2
9662,PLAY WOOD 6MM,6x2,6x2,6x2,2
9652,PLAY WOOD 6MM,5x2,5x2,5x2,2
9642,PLAY WOOD 6MM,4x2,4x2,4x2,2
9632,PLAY WOOD 6MM,3x2,3x2,3x2,2
9622,PLAY WOOD 6MM,2x2,2x2,2x2,2
9484,PLAY WOOD 4MM,8x4,8x4,8x4,2
9474,PLAY WOOD 4MM,7x4,7x4,7x4,2
9464,PLAY WOOD 4MM,6x4,6x4,6x4,2
9454,PLAY WOOD 4MM,5x4,5x4,5x4,2
9444,PLAY WOOD 4MM,4x4,4x4,4x4,2
9483,PLAY WOOD 4MM,8x3,8x3,8x3,2
9473,PLAY WOOD 4MM,7x3,7x3,7x3,2
9463,PLAY WOOD 4MM,6x3,6x3,6x3,2
9453,PLAY WOOD 4MM,5x3,5x3,5x3,2
9443,PLAY WOOD 4MM,4x3,4x3,4x3,2
9433,PLAY WOOD 4MM,3x3,3x3,3x3,2
9482,PLAY WOOD 4MM,8x2,8x2,8x2,2
9472,PLAY WOOD 4MM,7x2,7x2,7x2,2
9462,PLAY WOOD 4MM,6x2,6x2,6x2,2
9452,PLAY WOOD 4MM,5x2,5x2,5x2,2
9442,PLAY WOOD 4MM,4x2,4x2,4x2,2
9432,PLAY WOOD 4MM,3x2,3x2,3x2,2
9422,PLAY WOOD 4MM,2x2,2x2,2x2,2
1,BEEDENG2nd,1x6,1x6,1x6,3
2,BEEDENG2nd,1.5x6,1.5x6,1.5x6,3
3,BEEDENG2nd,2x6,2x6,2x6,3
4,BEEDENG2nd,1x.5,1x.5,1x.5,3
5,BEEDENG2nd,1.5x.5,1.5x.5,1.5x.5,3
6,BEEDENG2nd,2x.5,2x.5,2x.5,3
7,BEEDENG2nd,1x4,1x4,1x4,3
8,BEEDENG2nd,1.5x4,1.5x4,1.5x4,3
9,BEEDENG2nd,2x4,2x4,2x4,3
10,BEEDENG2nd,.5x.5,.5x.5,.5x.5,3
11,BEEDENG1st,1x6,1x6,1x6,3
12,BEEDENG1st,1.5x6,1.5x6,1.5x6,3
13,BEEDENG1st,2x6,2x6,2x6,3
14,BEEDENG1st,1x.5,1x.5,1x.5,3
15,BEEDENG1st,1.5x.5,1.5x.5,1.5x.5,3
16,BEEDENG1st,2x.5,2x.5,2x.5,3
17,BEEDENG1st,1x4,1x4,1x4,3
18,BEEDENG1st,1.5x4,1.5x4,1.5x4,3
19,BEEDENG1st,2x4,2x4,2x4,3
20,BEEDENG1st,.5x.5,.5x.5,.5x.5,3
21,CORNIR TEAK 2ND,10x10,10x10,10x10,3
22,CORNIR TEAK 2ND,12x12,12x12,12x12,3
23,CORNIR TEAK 2ND,15x15,15x15,15x15,3
24,CORNIR TEAK 2ND,18x18,18x18,18x18,3
25,CORNIR TEAK 2ND,10x10,10x10,10x10,3
26,CORNIR TEAK 2ND,12x12,12x12,12x12,3
27,CORNIR TEAK 2ND,15x15,15x15,15x15,3
28,CORNIR TEAK 2ND,18x18,18x18,18x18,3
29,CORNIR TEAK 2ND,15x8,15x8,15x8,3
30,CORNIR TEAK 2ND,20x10,20x10,20x10,3
31,CORNIR TEAK 2ND,25x10,25x10,25x10,3
32,CORNIR TEAK 2ND,32x10,32x10,32x10,3
33,FLAD TEAK1ST,15x8,15x8,15x8,3
34,FLAD TEAK1ST,20x10,20x10,20x10,3
35,FLAD TEAK1ST,25x10,25x10,25x10,3
36,FLAD TEAK1ST,32x10,32x10,32x10,3
37,P.V.C. BEEDENG,12MM,12MM,12MM,3
38,P.V.C. BEEDENG,18MM,18MM,18MM,3
39,P.V.C. BEEDENG,25MM,25MM,25MM,3
40,P.V.C. BEEDENG,32MM,32MM,32MM,3
184,CEDAR LAM MICA,8x4,8x4,8x4,4
174,CEDAR LAM MICA,7x4,7x4,7x4,4
164,CEDAR LAM MICA,6x4,6x4,6x4,4
154,CEDAR LAM MICA,5x4,5x4,5x4,4
144,CEDAR LAM MICA,4x4,4x4,4x4,4
143,CEDAR LAM MICA,4x3,4x3,4x3,4
142,CEDAR LAM MICA,4x2,4x2,4x2,4
132,CEDAR LAM MICA,3x2,3x2,3x2,4
122,CEDAR LAM MICA,2x2,2x2,2x2,4
284,MODI LAM MICA,8x4,8x4,8x4,4
274,MODI LAM MICA,7x4,7x4,7x4,4
264,MODI LAM MICA,6x4,6x4,6x4,4
254,MODI LAM MICA,5x4,5x4,5x4,4
244,MODI LAM MICA,4x4,4x4,4x4,4
243,MODI LAM MICA,4x3,4x3,4x3,4
242,MODI LAM MICA,4x2,4x2,4x2,4
232,MODI LAM MICA,3x2,3x2,3x2,4
222,MODI LAM MICA,2x2,2x2,2x2,4
384,SUNDAK LAM MICA,8x4,8x4,8x4,4
374,SUNDAK LAM MICA,7x4,7x4,7x4,4
364,SUNDAK LAM MICA,6x4,6x4,6x4,4
354,SUNDAK LAM MICA,5x4,5x4,5x4,4
344,SUNDAK LAM MICA,4x4,4x4,4x4,4
343,SUNDAK LAM MICA,4x3,4x3,4x3,4
342,SUNDAK LAM MICA,4x2,4x2,4x2,4
332,SUNDAK LAM MICA,3x2,3x2,3x2,4
322,SUNDAK LAM MICA,2x2,2x2,2x2,4
484,ASIS LAM MICA,8x4,8x4,8x4,4
474,ASIS LAM MICA,7x4,7x4,7x4,4
464,ASIS LAM MICA,6x4,6x4,6x4,4
454,ASIS LAM MICA,5x4,5x4,5x4,4
444,ASIS LAM MICA,4x4,4x4,4x4,4
443,ASIS LAM MICA,4x3,4x3,4x3,4
442,ASIS LAM MICA,4x2,4x2,4x2,4
432,ASIS LAM MICA,3x2,3x2,3x2,4
422,ASIS LAM MICA,2x2,2x2,2x2,4
584,LEO LAM MICA,8x4,8x4,8x4,4
574,LEO LAM MICA,7x4,7x4,7x4,4
564,LEO LAM MICA,6x4,6x4,6x4,4
554,LEO LAM MICA,5x4,5x4,5x4,4
544,LEO LAM MICA,4x4,4x4,4x4,4
543,LEO LAM MICA,4x3,4x3,4x3,4
542,LEO LAM MICA,4x2,4x2,4x2,4
532,LEO LAM MICA,3x2,3x2,3x2,4
522,LEO LAM MICA,2x2,2x2,2x2,4
684,MICA ,8x4,8x4,8x4,4
674,MICA ,7x4,7x4,7x4,4
664,MICA ,6x4,6x4,6x4,4
654,MICA ,5x4,5x4,5x4,4
644,MICA ,4x4,4x4,4x4,4
643,MICA ,4x3,4x3,4x3,4
642,MICA ,4x2,4x2,4x2,4
632,MICA ,3x2,3x2,3x2,4
622,MICA ,2x2,2x2,2x2,4
555,DOOR SKIN,7x3,7x3,7x3,4
100,OVAL PANIL DOOR,7x3,7x3,7x3,2
101,OVAL PANIL DOOR,6.75x3,6.75x3,6.75x3,2
102,OVAL PANIL DOOR,6.5x3,6.5x3,6.5x3,2
103,OVAL PANIL DOOR,6.25x3,6.25x3,6.25x3,2
104,OVAL PANIL DOOR,6x3,6x3,6x3,2
105,OVAL PANIL DOOR,7x2.75,7x2.75,7x2.75,2
106,OVAL PANIL DOOR,6.75x2.75,6.75x2.75,6.75x2.75,2
107,OVAL PANIL DOOR,6.5x2.75,6.5x2.75,6.5x2.75,2
108,OVAL PANIL DOOR,6.25x2.75,6.25x2.75,6.25x2.75,2
109,OVAL PANIL DOOR,6x2.75,6x2.75,6x2.75,2
110,OVAL PANIL DOOR,7x2.5,7x2.5,7x2.5,2
111,OVAL PANIL DOOR,6.75x2.5,6.75x2.5,6.75x2.5,2
112,OVAL PANIL DOOR,6.5x2.5,6.5x2.5,6.5x2.5,2
113,OVAL PANIL DOOR,6.25x2.5,6.25x2.5,6.25x2.5,2
114,OVAL PANIL DOOR,6x2.5,6x2.5,6x2.5,2
115,OVAL PANIL DOOR,7x2.25,7x2.25,7x2.25,2
116,OVAL PANIL DOOR,6.75x2.25,6.75x2.25,6.75x2.25,2
117,OVAL PANIL DOOR,6.5x2.25,6.5x2.25,6.5x2.25,2
118,OVAL PANIL DOOR,6.25x2.25,6.25x2.25,6.25x2.25,2
119,OVAL PANIL DOOR,6x2.25,6x2.25,6x2.25,2
200,TWO PANIL DOOR,7x3,7x3,7x3,2
201,TWO PANIL DOOR,6.75x3,6.75x3,6.75x3,2
202,TWO PANIL DOOR,6.5x3,6.5x3,6.5x3,2
203,TWO PANIL DOOR,6.25x3,6.25x3,6.25x3,2
204,TWO PANIL DOOR,6x3,6x3,6x3,2
205,TWO PANIL DOOR,7x2.75,7x2.75,7x2.75,2
206,TWO PANIL DOOR,6.75x2.75,6.75x2.75,6.75x2.75,2
207,TWO PANIL DOOR,6.5x2.75,6.5x2.75,6.5x2.75,2
208,TWO PANIL DOOR,6.25x2.75,6.25x2.75,6.25x2.75,2
209,TWO PANIL DOOR,6x2.75,6x2.75,6x2.75,2
210,TWO PANIL DOOR,7x2.5,7x2.5,7x2.5,2
211,TWO PANIL DOOR,6.75x2.5,6.75x2.5,6.75x2.5,2
212,TWO PANIL DOOR,6.5x2.5,6.5x2.5,6.5x2.5,2
213,TWO PANIL DOOR,6.25x2.5,6.25x2.5,6.25x2.5,2
214,TWO PANIL DOOR,6x2.5,6x2.5,6x2.5,2
215,TWO PANIL DOOR,7x2.25,7x2.25,7x2.25,2
216,TWO PANIL DOOR,6.75x2.25,6.75x2.25,6.75x2.25,2
217,TWO PANIL DOOR,6.5x2.25,6.5x2.25,6.5x2.25,2
218,TWO PANIL DOOR,6.25x2.25,6.25x2.25,6.25x2.25,2
219,TWO PANIL DOOR,6x2.25,6x2.25,6x2.25,2
300,HORIZON PANIL DOOR,7x3,7x3,7x3,2
301,HORIZON PANIL DOOR,6.75x3,6.75x3,6.75x3,2
302,HORIZON PANIL DOOR,6.5x3,6.5x3,6.5x3,2
303,HORIZON PANIL DOOR,6.25x3,6.25x3,6.25x3,2
304,HORIZON PANIL DOOR,6x3,6x3,6x3,2
305,HORIZON PANIL DOOR,7x2.75,7x2.75,7x2.75,2
306,HORIZON PANIL DOOR,6.75x2.75,6.75x2.75,6.75x2.75,2
307,HORIZON PANIL DOOR,6.5x2.75,6.5x2.75,6.5x2.75,2
308,HORIZON PANIL DOOR,6.25x2.75,6.25x2.75,6.25x2.75,2
309,HORIZON PANIL DOOR,6x2.75,6x2.75,6x2.75,2
310,HORIZON PANIL DOOR,7x2.5,7x2.5,7x2.5,2
311,HORIZON PANIL DOOR,6.75x2.5,6.75x2.5,6.75x2.5,2
312,HORIZON PANIL DOOR,6.5x2.5,6.5x2.5,6.5x2.5,2
313,HORIZON PANIL DOOR,6.25x2.5,6.25x2.5,6.25x2.5,2
314,HORIZON PANIL DOOR,6x2.5,6x2.5,6x2.5,2
315,HORIZON PANIL DOOR,7x2.25,7x2.25,7x2.25,2
316,HORIZON PANIL DOOR,6.75x2.25,6.75x2.25,6.75x2.25,2
317,HORIZON PANIL DOOR,6.5x2.25,6.5x2.25,6.5x2.25,2
318,HORIZON PANIL DOOR,6.25x2.25,6.25x2.25,6.25x2.25,2
319,HORIZON PANIL DOOR,6x2.25,6x2.25,6x2.25,2
400,FOUR PANIL DOOR,7x3,7x3,7x3,2
401,FOUR PANIL DOOR,6.75x3,6.75x3,6.75x3,2
402,FOUR PANIL DOOR,6.5x3,6.5x3,6.5x3,2
403,FOUR PANIL DOOR,6.25x3,6.25x3,6.25x3,2
404,FOUR PANIL DOOR,6x3,6x3,6x3,2
405,FOUR PANIL DOOR,7x2.75,7x2.75,7x2.75,2
406,FOUR PANIL DOOR,6.75x2.75,6.75x2.75,6.75x2.75,2
407,FOUR PANIL DOOR,6.5x2.75,6.5x2.75,6.5x2.75,2
408,FOUR PANIL DOOR,6.25x2.75,6.25x2.75,6.25x2.75,2
409,FOUR PANIL DOOR,6x2.75,6x2.75,6x2.75,2
410,FOUR PANIL DOOR,7x2.5,7x2.5,7x2.5,2
411,FOUR PANIL DOOR,6.75x2.5,6.75x2.5,6.75x2.5,2
412,FOUR PANIL DOOR,6.5x2.5,6.5x2.5,6.5x2.5,2
413,FOUR PANIL DOOR,6.25x2.5,6.25x2.5,6.25x2.5,2
414,FOUR PANIL DOOR,6x2.5,6x2.5,6x2.5,2
415,FOUR PANIL DOOR,7x2.25,7x2.25,7x2.25,2
416,FOUR PANIL DOOR,6.75x2.25,6.75x2.25,6.75x2.25,2
417,FOUR PANIL DOOR,6.5x2.25,6.5x2.25,6.5x2.25,2
418,FOUR PANIL DOOR,6.25x2.25,6.25x2.25,6.25x2.25,2
419,FOUR PANIL DOOR,6x2.25,6x2.25,6x2.25,2
500,WOOD MAK ,7x3,7x3,7x3,2
501,WOOD MAK ,6.75x3,6.75x3,6.75x3,2
502,WOOD MAK ,6.5x3,6.5x3,6.5x3,2
503,WOOD MAK ,6.25x3,6.25x3,6.25x3,2
504,WOOD MAK ,6x3,6x3,6x3,2
505,WOOD MAK ,7x2.75,7x2.75,7x2.75,2
506,WOOD MAK ,6.75x2.75,6.75x2.75,6.75x2.75,2
507,WOOD MAK ,6.5x2.75,6.5x2.75,6.5x2.75,2
508,WOOD MAK ,6.25x2.75,6.25x2.75,6.25x2.75,2
509,WOOD MAK ,6x2.75,6x2.75,6x2.75,2
510,WOOD MAK ,7x2.5,7x2.5,7x2.5,2
511,WOOD MAK ,6.75x2.5,6.75x2.5,6.75x2.5,2
512,WOOD MAK ,6.5x2.5,6.5x2.5,6.5x2.5,2
513,WOOD MAK ,6.25x2.5,6.25x2.5,6.25x2.5,2
514,WOOD MAK ,6x2.5,6x2.5,6x2.5,2
515,WOOD MAK ,7x2.25,7x2.25,7x2.25,2
516,WOOD MAK ,6.75x2.25,6.75x2.25,6.75x2.25,2
517,WOOD MAK ,6.5x2.25,6.5x2.25,6.5x2.25,2
518,WOOD MAK ,6.25x2.25,6.25x2.25,6.25x2.25,2
519,WOOD MAK ,6x2.25,6x2.25,6x2.25,2
600,STAR DOOR,7x3,7x3,7x3,2
601,STAR DOOR,6.75x3,6.75x3,6.75x3,2
602,STAR DOOR,6.5x3,6.5x3,6.5x3,2
603,STAR DOOR,6.25x3,6.25x3,6.25x3,2
604,STAR DOOR,6x3,6x3,6x3,2
605,STAR DOOR,7x2.75,7x2.75,7x2.75,2
606,STAR DOOR,6.75x2.75,6.75x2.75,6.75x2.75,2
607,STAR DOOR,6.5x2.75,6.5x2.75,6.5x2.75,2
608,STAR DOOR,6.25x2.75,6.25x2.75,6.25x2.75,2
609,STAR DOOR,6x2.75,6x2.75,6x2.75,2
610,STAR DOOR,7x2.5,7x2.5,7x2.5,2
611,STAR DOOR,6.75x2.5,6.75x2.5,6.75x2.5,2
612,STAR DOOR,6.5x2.5,6.5x2.5,6.5x2.5,2
613,STAR DOOR,6.25x2.5,6.25x2.5,6.25x2.5,2
614,STAR DOOR,6x2.5,6x2.5,6x2.5,2
615,STAR DOOR,7x2.25,7x2.25,7x2.25,2
616,STAR DOOR,6.75x2.25,6.75x2.25,6.75x2.25,2
617,STAR DOOR,6.5x2.25,6.5x2.25,6.5x2.25,2
618,STAR DOOR,6.25x2.25,6.25x2.25,6.25x2.25,2
619,STAR DOOR,6x2.25,6x2.25,6x2.25,2
700,MALASIAN DOOR,7x3,7x3,7x3,2
701,MALASIAN DOOR,6.75x3,6.75x3,6.75x3,2
702,MALASIAN DOOR,6.5x3,6.5x3,6.5x3,2
703,MALASIAN DOOR,6.25x3,6.25x3,6.25x3,2
704,MALASIAN DOOR,6x3,6x3,6x3,2
705,MALASIAN DOOR,7x2.75,7x2.75,7x2.75,2
706,MALASIAN DOOR,6.75x2.75,6.75x2.75,6.75x2.75,2
707,MALASIAN DOOR,6.5x2.75,6.5x2.75,6.5x2.75,2
708,MALASIAN DOOR,6.25x2.75,6.25x2.75,6.25x2.75,2
709,MALASIAN DOOR,6x2.75,6x2.75,6x2.75,2
710,MALASIAN DOOR,7x2.5,7x2.5,7x2.5,2
711,MALASIAN DOOR,6.75x2.5,6.75x2.5,6.75x2.5,2
712,MALASIAN DOOR,6.5x2.5,6.5x2.5,6.5x2.5,2
713,MALASIAN DOOR,6.25x2.5,6.25x2.5,6.25x2.5,2
714,MALASIAN DOOR,6x2.5,6x2.5,6x2.5,2
715,MALASIAN DOOR,7x2.25,7x2.25,7x2.25,2
716,MALASIAN DOOR,6.75x2.25,6.75x2.25,6.75x2.25,2
717,MALASIAN DOOR,6.5x2.25,6.5x2.25,6.5x2.25,2
718,MALASIAN DOOR,6.25x2.25,6.25x2.25,6.25x2.25,2
719,MALASIAN DOOR,6x2.25,6x2.25,6x2.25,2
800,LAMINAD DOOR,7x3,7x3,7x3,2
801,LAMINAD DOOR,6.75x3,6.75x3,6.75x3,2
802,LAMINAD DOOR,6.5x3,6.5x3,6.5x3,2
803,LAMINAD DOOR,6.25x3,6.25x3,6.25x3,2
804,LAMINAD DOOR,6x3,6x3,6x3,2
805,LAMINAD DOOR,7x2.75,7x2.75,7x2.75,2
806,LAMINAD DOOR,6.75x2.75,6.75x2.75,6.75x2.75,2
807,LAMINAD DOOR,6.5x2.75,6.5x2.75,6.5x2.75,2
808,LAMINAD DOOR,6.25x2.75,6.25x2.75,6.25x2.75,2
809,LAMINAD DOOR,6x2.75,6x2.75,6x2.75,2
810,LAMINAD DOOR,7x2.5,7x2.5,7x2.5,2
811,LAMINAD DOOR,6.75x2.5,6.75x2.5,6.75x2.5,2
812,LAMINAD DOOR,6.5x2.5,6.5x2.5,6.5x2.5,2
813,LAMINAD DOOR,6.25x2.5,6.25x2.5,6.25x2.5,2
814,LAMINAD DOOR,6x2.5,6x2.5,6x2.5,2
815,LAMINAD DOOR,7x2.25,7x2.25,7x2.25,2
816,LAMINAD DOOR,6.75x2.25,6.75x2.25,6.75x2.25,2
817,LAMINAD DOOR,6.5x2.25,6.5x2.25,6.5x2.25,2
818,LAMINAD DOOR,6.25x2.25,6.25x2.25,6.25x2.25,2
819,LAMINAD DOOR,6x2.25,6x2.25,6x2.25,2
900,DOOR,7x3,7x3,7x3,2
901,DOOR,6.75x3,6.75x3,6.75x3,2
902,DOOR,6.5x3,6.5x3,6.5x3,2
903,DOOR,6.25x3,6.25x3,6.25x3,2
904,DOOR,6x3,6x3,6x3,2
905,DOOR,7x2.75,7x2.75,7x2.75,2
906,DOOR,6.75x2.75,6.75x2.75,6.75x2.75,2
907,DOOR,6.5x2.75,6.5x2.75,6.5x2.75,2
908,DOOR,6.25x2.75,6.25x2.75,6.25x2.75,2
909,DOOR,6x2.75,6x2.75,6x2.75,2
910,DOOR,7x2.5,7x2.5,7x2.5,2
911,DOOR,6.75x2.5,6.75x2.5,6.75x2.5,2
912,DOOR,6.5x2.5,6.5x2.5,6.5x2.5,2
913,DOOR,6.25x2.5,6.25x2.5,6.25x2.5,2
914,DOOR,6x2.5,6x2.5,6x2.5,2
915,DOOR,7x2.25,7x2.25,7x2.25,2
916,DOOR,6.75x2.25,6.75x2.25,6.75x2.25,2
917,DOOR,6.5x2.25,6.5x2.25,6.5x2.25,2
918,DOOR,6.25x2.25,6.25x2.25,6.25x2.25,2
919,DOOR,6x2.25,6x2.25,6x2.25,2
1001,W/P,1X1.5,1X1.5,1X1.5,1
1002,W/P,2X1.5,2X1.5,2X1.5,1
1003,W/P,3X1.5,3X1.5,3X1.5,1
1004,W/P,4X1.5,4X1.5,4X1.5,1
1005,W/P,5X1.5,5X1.5,5X1.5,1
1006,W/P,6X1.5,6X1.5,6X1.5,1
1007,W/P,7X1.5,7X1.5,7X1.5,1
1008,W/P,8X1.5,8X1.5,8X1.5,1
1009,W/P,9X1.5,9X1.5,9X1.5,1
1010,W/P,10X1.5,10X1.5,10X1.5,1
1011,W/P,11X1.5,11X1.5,11X1.5,1
1012,W/P,12X1.5,12X1.5,12X1.5,1
1013,W/P,13X1.5,13X1.5,13X1.5,1
1014,W/P,14X1.5,14X1.5,14X1.5,1
1015,W/P,15X1.5,15X1.5,15X1.5,1
1016,W/P,16X1.5,16X1.5,16X1.5,1
1017,W/P,17X1.5,17X1.5,17X1.5,1
1018,W/P,18X1.5,18X1.5,18X1.5,1
1019,W/P,19X1.5,19X1.5,19X1.5,1
1020,W/P,20X1.5,20X1.5,20X1.5,1
1021,W/P,21X1.5,21X1.5,21X1.5,1
1022,W/P,22X1.5,22X1.5,22X1.5,1
1023,W/P,23X1.5,23X1.5,23X1.5,1
1024,W/P,24X1.5,24X1.5,24X1.5,1
1074,W/P,7x4,7x4,7x4,1
1073,W/P,7x3,7x3,7x3,1
1064,W/P,6x4,6x4,6x4,1
1063,W/P,6x3,6x3,6x3,1
1054,W/P,5x4,5x4,5x4,1
1053,W/P,5x3,5x3,5x3,1
1043,W/P,4x3,4x3,4x3,1
1021,W/P,2X1,2X1,2X1,1
1031,W/P,3X1,3X1,3X1,1
1041,W/P,4X1,4X1,4X1,1
1051,W/P,5X1,5X1,5X1,1
1061,W/P,6X1,6X1,6X1,1
1071,W/P,7X1,7X1,7X1,1
1081,W/P,8X1,8X1,8X1,1
1091,W/P,9X1,9X1,9X1,1
1101,W/P,10X1,10X1,10X1,1
1111,W/P,11X1,11X1,11X1,1
1121,W/P,12X1,12X1,12X1,1
1131,W/P,13X1,13X1,13X1,1
1141,W/P,14X1,14X1,14X1,1
1151,W/P,15X1,15X1,15X1,1
1161,W/P,16X1,16X1,16X1,1
1171,W/P,17X1,17X1,17X1,1
1181,W/P,18X1,18X1,18X1,1
1181,W/P,19X1,19X1,19X1,1
1201,W/P,20X1,20X1,20X1,1
1211,W/P,21X1,21X1,21X1,1
1221,W/P,22X1,22X1,22X1,1
1231,W/P,23X1,23X1,23X1,1
1241,W/P,24X1,24X1,24X1,1
1020,W/P,4X2.5,4X2.5,4X2.5,1
1021,W/P,5X2.5,5X2.5,5X2.5,1
1023,W/P,3X2.5,3X2.5,3X2.5,1
1122,W/P,12X2,12X2,12X2,1
1112,W/P,11X2,11X2,11X2,1
1102,W/P,10X2,10X2,10X2,1
1092,W/P,9X2,9X2,9X2,1
1082,W/P,8x2,8x2,8x2,1
1072,W/P,7x2,7x2,7x2,1
1062,W/P,6x2,6x2,6x2,1
1052,W/P,5x2,5x2,5x2,1
1042,W/P,4x2,4x2,4x2,1
1032,W/P,3x2,3x2,3x2,1
1022,W/P,2x2,2x2,2x2,1
2001,W/VENGAI,1X1.5,1X1.5,1X1.5,1
2002,W/VENGAI,2X1.5,2X1.5,2X1.5,1
2003,W/VENGAI,3X1.5,3X1.5,3X1.5,1
2004,W/VENGAI,4X1.5,4X1.5,4X1.5,1
2005,W/VENGAI,5X1.5,5X1.5,5X1.5,1
2006,W/VENGAI,6X1.5,6X1.5,6X1.5,1
2007,W/VENGAI,7X1.5,7X1.5,7X1.5,1
2008,W/VENGAI,8X1.5,8X1.5,8X1.5,1
2009,W/VENGAI,9X1.5,9X1.5,9X1.5,1
2010,W/VENGAI,10X1.5,10X1.5,10X1.5,1
2011,W/VENGAI,11X1.5,11X1.5,11X1.5,1
2012,W/VENGAI,12X1.5,12X1.5,12X1.5,1
2013,W/VENGAI,13X1.5,13X1.5,13X1.5,1
2014,W/VENGAI,14X1.5,14X1.5,14X1.5,1
2015,W/VENGAI,15X1.5,15X1.5,15X1.5,1
2016,W/VENGAI,16X1.5,16X1.5,16X1.5,1
2017,W/VENGAI,17X1.5,17X1.5,17X1.5,1
2018,W/VENGAI,18X1.5,18X1.5,18X1.5,1
2019,W/VENGAI,19X1.5,19X1.5,19X1.5,1
2020,W/VENGAI,20X1.5,20X1.5,20X1.5,1
2021,W/VENGAI,21X1.5,21X1.5,21X1.5,1
2022,W/VENGAI,22X1.5,22X1.5,22X1.5,1
2023,W/VENGAI,23X1.5,23X1.5,23X1.5,1
2024,W/VENGAI,24X1.5,24X1.5,24X1.5,1
2074,W/VENGAI,7x4,7x4,7x4,1
2073,W/VENGAI,7x3,7x3,7x3,1
2064,W/VENGAI,6x4,6x4,6x4,1
2063,W/VENGAI,6x3,6x3,6x3,1
2054,W/VENGAI,5x4,5x4,5x4,1
2053,W/VENGAI,5x3,5x3,5x3,1
2043,W/VENGAI,4x3,4x3,4x3,1
2021,W/VENGAI,2X1,2X1,2X1,1
2031,W/VENGAI,3X1,3X1,3X1,1
2041,W/VENGAI,4X1,4X1,4X1,1
2051,W/VENGAI,5X1,5X1,5X1,1
2061,W/VENGAI,6X1,6X1,6X1,1
2071,W/VENGAI,7X1,7X1,7X1,1
2081,W/VENGAI,8X1,8X1,8X1,1
2091,W/VENGAI,9X1,9X1,9X1,1
2101,W/VENGAI,10X1,10X1,10X1,1
2111,W/VENGAI,11X1,11X1,11X1,1
2121,W/VENGAI,12X1,12X1,12X1,1
2131,W/VENGAI,13X1,13X1,13X1,1
2141,W/VENGAI,14X1,14X1,14X1,1
2151,W/VENGAI,15X1,15X1,15X1,1
2161,W/VENGAI,16X1,16X1,16X1,1
2171,W/VENGAI,17X1,17X1,17X1,1
2181,W/VENGAI,18X1,18X1,18X1,1
2191,W/VENGAI,19X1,19X1,19X1,1
2201,W/VENGAI,20X1,20X1,20X1,1
2211,W/VENGAI,21X1,21X1,21X1,1
2221,W/VENGAI,22X1,22X1,22X1,1
2231,W/VENGAI,23X1,23X1,23X1,1
2241,W/VENGAI,24X1,24X1,24X1,1
2020,W/VENGAI,4X2.5,4X2.5,4X2.5,1
2021,W/VENGAI,5X2.5,5X2.5,5X2.5,1
2022,W/VENGAI,3X2.5,3X2.5,3X2.5,1
2122,W/VENGAI,12X2,12X2,12X2,1
2112,W/VENGAI,11X2,11X2,11X2,1
2102,W/VENGAI,10X2,10X2,10X2,1
2092,W/VENGAI,9X2,9X2,9X2,1
2082,W/VENGAI,8x2,8x2,8x2,1
2072,W/VENGAI,7x2,7x2,7x2,1
2062,W/VENGAI,6x2,6x2,6x2,1
2052,W/VENGAI,5x2,5x2,5x2,1
2042,W/VENGAI,4x2,4x2,4x2,1
2032,W/VENGAI,3x2,3x2,3x2,1
2022,W/VENGAI,2x2,2x2,2x2,1
3001,PADAK,1X1.5,1X1.5,1X1.5,1
3002,PADAK,2X1.5,2X1.5,2X1.5,1
3003,PADAK,3X1.5,3X1.5,3X1.5,1
3004,PADAK,4X1.5,4X1.5,4X1.5,1
3005,PADAK,5X1.5,5X1.5,5X1.5,1
3006,PADAK,6X1.5,6X1.5,6X1.5,1
3007,PADAK,7X1.5,7X1.5,7X1.5,1
3008,PADAK,8X1.5,8X1.5,8X1.5,1
3009,PADAK,9X1.5,9X1.5,9X1.5,1
3010,PADAK,10X1.5,10X1.5,10X1.5,1
3011,PADAK,11X1.5,11X1.5,11X1.5,1
3012,PADAK,12X1.5,12X1.5,12X1.5,1
3013,PADAK,13X1.5,13X1.5,13X1.5,1
3014,PADAK,14X1.5,14X1.5,14X1.5,1
3015,PADAK,15X1.5,15X1.5,15X1.5,1
3016,PADAK,16X1.5,16X1.5,16X1.5,1
3017,PADAK,17X1.5,17X1.5,17X1.5,1
3018,PADAK,18X1.5,18X1.5,18X1.5,1
3019,PADAK,19X1.5,19X1.5,19X1.5,1
3020,PADAK,20X1.5,20X1.5,20X1.5,1
3021,PADAK,21X1.5,21X1.5,21X1.5,1
3022,PADAK,22X1.5,22X1.5,22X1.5,1
3023,PADAK,23X1.5,23X1.5,23X1.5,1
3024,PADAK,24X1.5,24X1.5,24X1.5,1
3074,PADAK,7x4,7x4,7x4,1
3073,PADAK,7x3,7x3,7x3,1
3064,PADAK,6x4,6x4,6x4,1
3063,PADAK,6x3,6x3,6x3,1
3054,PADAK,5x4,5x4,5x4,1
3053,PADAK,5x3,5x3,5x3,1
3043,PADAK,4x3,4x3,4x3,1
3021,PADAK,2X1,2X1,2X1,1
3031,PADAK,3X1,3X1,3X1,1
3041,PADAK,4X1,4X1,4X1,1
3051,PADAK,5X1,5X1,5X1,1
3061,PADAK,6X1,6X1,6X1,1
3071,PADAK,7X1,7X1,7X1,1
3081,PADAK,8X1,8X1,8X1,1
3091,PADAK,9X1,9X1,9X1,1
3101,PADAK,10X1,10X1,10X1,1
3111,PADAK,11X1,11X1,11X1,1
3121,PADAK,12X1,12X1,12X1,1
3131,PADAK,13X1,13X1,13X1,1
3141,PADAK,14X1,14X1,14X1,1
3151,PADAK,15X1,15X1,15X1,1
3161,PADAK,16X1,16X1,16X1,1
3171,PADAK,17X1,17X1,17X1,1
3181,PADAK,18X1,18X1,18X1,1
3191,PADAK,19X1,19X1,19X1,1
3201,PADAK,20X1,20X1,20X1,1
3211,PADAK,21X1,21X1,21X1,1
3221,PADAK,22X1,22X1,22X1,1
3231,PADAK,23X1,23X1,23X1,1
3241,PADAK,24X1,24X1,24X1,1
3020,PADAK,4X2.5,4X2.5,4X2.5,1
3021,PADAK,5X2.5,5X2.5,5X2.5,1
3022,PADAK,3X2.5,3X2.5,3X2.5,1
3122,PADAK,12X2,12X2,12X2,1
3112,PADAK,11X2,11X2,11X2,1
3102,PADAK,10X2,10X2,10X2,1
3092,PADAK,9X2,9X2,9X2,1
3082,PADAK,8x2,8x2,8x2,1
3072,PADAK,7x2,7x2,7x2,1
3062,PADAK,6x2,6x2,6x2,1
3052,PADAK,5x2,5x2,5x2,1
3042,PADAK,4x2,4x2,4x2,1
3032,PADAK,3x2,3x2,3x2,1
3022,PADAK,2x2,2x2,2x2,1
4001,VENGAI,1X1.5,1X1.5,1X1.5,1
4002,VENGAI,2X1.5,2X1.5,2X1.5,1
4003,VENGAI,3X1.5,3X1.5,3X1.5,1
4004,VENGAI,4X1.5,4X1.5,4X1.5,1
4005,VENGAI,5X1.5,5X1.5,5X1.5,1
4006,VENGAI,6X1.5,6X1.5,6X1.5,1
4007,VENGAI,7X1.5,7X1.5,7X1.5,1
4008,VENGAI,8X1.5,8X1.5,8X1.5,1
4009,VENGAI,9X1.5,9X1.5,9X1.5,1
4010,VENGAI,10X1.5,10X1.5,10X1.5,1
4011,VENGAI,11X1.5,11X1.5,11X1.5,1
4012,VENGAI,12X1.5,12X1.5,12X1.5,1
4013,VENGAI,13X1.5,13X1.5,13X1.5,1
4014,VENGAI,14X1.5,14X1.5,14X1.5,1
4015,VENGAI,15X1.5,15X1.5,15X1.5,1
4016,VENGAI,16X1.5,16X1.5,16X1.5,1
4017,VENGAI,17X1.5,17X1.5,17X1.5,1
4018,VENGAI,18X1.5,18X1.5,18X1.5,1
4019,VENGAI,19X1.5,19X1.5,19X1.5,1
4020,VENGAI,20X1.5,20X1.5,20X1.5,1
4021,VENGAI,21X1.5,21X1.5,21X1.5,1
4022,VENGAI,22X1.5,22X1.5,22X1.5,1
4023,VENGAI,23X1.5,23X1.5,23X1.5,1
4024,VENGAI,24X1.5,24X1.5,24X1.5,1
4074,VENGAI,7x4,7x4,7x4,1
4073,VENGAI,7x3,7x3,7x3,1
4064,VENGAI,6x4,6x4,6x4,1
4063,VENGAI,6x3,6x3,6x3,1
4054,VENGAI,5x4,5x4,5x4,1
4053,VENGAI,5x3,5x3,5x3,1
4043,VENGAI,4x3,4x3,4x3,1
4021,VENGAI,2X1,2X1,2X1,1
4031,VENGAI,3X1,3X1,3X1,1
4041,VENGAI,4X1,4X1,4X1,1
4051,VENGAI,5X1,5X1,5X1,1
4061,VENGAI,6X1,6X1,6X1,1
4071,VENGAI,7X1,7X1,7X1,1
4081,VENGAI,8X1,8X1,8X1,1
4091,VENGAI,9X1,9X1,9X1,1
4101,VENGAI,10X1,10X1,10X1,1
4111,VENGAI,11X1,11X1,11X1,1
4121,VENGAI,12X1,12X1,12X1,1
4131,VENGAI,13X1,13X1,13X1,1
4141,VENGAI,14X1,14X1,14X1,1
4151,VENGAI,15X1,15X1,15X1,1
4161,VENGAI,16X1,16X1,16X1,1
4171,VENGAI,17X1,17X1,17X1,1
4181,VENGAI,18X1,18X1,18X1,1
4191,VENGAI,19X1,19X1,19X1,1
4201,VENGAI,20X1,20X1,20X1,1
4211,VENGAI,21X1,21X1,21X1,1
4221,VENGAI,22X1,22X1,22X1,1
4231,VENGAI,23X1,23X1,23X1,1
4241,VENGAI,24X1,24X1,24X1,1
4020,VENGAI,4X2.5,4X2.5,4X2.5,1
4021,VENGAI,5X2.5,5X2.5,5X2.5,1
4022,VENGAI,3X2.5,3X2.5,3X2.5,1
4122,VENGAI,12X2,12X2,12X2,1
4112,VENGAI,11X2,11X2,11X2,1
4102,VENGAI,10X2,10X2,10X2,1
4092,VENGAI,9X2,9X2,9X2,1
4082,VENGAI,8x2,8x2,8x2,1
4072,VENGAI,7x2,7x2,7x2,1
4062,VENGAI,6x2,6x2,6x2,1
4052,VENGAI,5x2,5x2,5x2,1
4042,VENGAI,4x2,4x2,4x2,1
4032,VENGAI,3x2,3x2,3x2,1
4022,VENGAI,2x2,2x2,2x2,1
5001,KONGU,1X1.5,1X1.5,1X1.5,1
5002,KONGU,2X1.5,2X1.5,2X1.5,1
5003,KONGU,3X1.5,3X1.5,3X1.5,1
5004,KONGU,4X1.5,4X1.5,4X1.5,1
5005,KONGU,5X1.5,5X1.5,5X1.5,1
5006,KONGU,6X1.5,6X1.5,6X1.5,1
5007,KONGU,7X1.5,7X1.5,7X1.5,1
5008,KONGU,8X1.5,8X1.5,8X1.5,1
5009,KONGU,9X1.5,9X1.5,9X1.5,1
5010,KONGU,10X1.5,10X1.5,10X1.5,1
5011,KONGU,11X1.5,11X1.5,11X1.5,1
5012,KONGU,12X1.5,12X1.5,12X1.5,1
5013,KONGU,13X1.5,13X1.5,13X1.5,1
5014,KONGU,14X1.5,14X1.5,14X1.5,1
5015,KONGU,15X1.5,15X1.5,15X1.5,1
5016,KONGU,16X1.5,16X1.5,16X1.5,1
5017,KONGU,17X1.5,17X1.5,17X1.5,1
5018,KONGU,18X1.5,18X1.5,18X1.5,1
5019,KONGU,19X1.5,19X1.5,19X1.5,1
5020,KONGU,20X1.5,20X1.5,20X1.5,1
5021,KONGU,21X1.5,21X1.5,21X1.5,1
5022,KONGU,22X1.5,22X1.5,22X1.5,1
5023,KONGU,23X1.5,23X1.5,23X1.5,1
5024,KONGU,24X1.5,24X1.5,24X1.5,1
5074,KONGU,7x4,7x4,7x4,1
5073,KONGU,7x3,7x3,7x3,1
5064,KONGU,6x4,6x4,6x4,1
5063,KONGU,6x3,6x3,6x3,1
5054,KONGU,5x4,5x4,5x4,1
5053,KONGU,5x3,5x3,5x3,1
5043,KONGU,4x3,4x3,4x3,1
5021,KONGU,2X1,2X1,2X1,1
5031,KONGU,3X1,3X1,3X1,1
5041,KONGU,4X1,4X1,4X1,1
5051,KONGU,5X1,5X1,5X1,1
5061,KONGU,6X1,6X1,6X1,1
5071,KONGU,7X1,7X1,7X1,1
5081,KONGU,8X1,8X1,8X1,1
5091,KONGU,9X1,9X1,9X1,1
5101,KONGU,10X1,10X1,10X1,1
5111,KONGU,11X1,11X1,11X1,1
5121,KONGU,12X1,12X1,12X1,1
5131,KONGU,13X1,13X1,13X1,1
5141,KONGU,14X1,14X1,14X1,1
5151,KONGU,15X1,15X1,15X1,1
5161,KONGU,16X1,16X1,16X1,1
5171,KONGU,17X1,17X1,17X1,1
5181,KONGU,18X1,18X1,18X1,1
5191,KONGU,19X1,19X1,19X1,1
5201,KONGU,20X1,20X1,20X1,1
5201,KONGU,21X1,21X1,21X1,1
5211,KONGU,22X1,22X1,22X1,1
5221,KONGU,23X1,23X1,23X1,1
5231,KONGU,24X1,24X1,24X1,1
5241,KONGU,4X2.5,4X2.5,4X2.5,1
5020,KONGU,5X2.5,5X2.5,5X2.5,1
5021,KONGU,3X2.5,3X2.5,3X2.5,1
5122,KONGU,12X2,12X2,12X2,1
5112,KONGU,11X2,11X2,11X2,1
5102,KONGU,10X2,10X2,10X2,1
5092,KONGU,9X2,9X2,9X2,1
5082,KONGU,8x2,8x2,8x2,1
5072,KONGU,7x2,7x2,7x2,1
5062,KONGU,6x2,6x2,6x2,1
5052,KONGU,5x2,5x2,5x2,1
5042,KONGU,4x2,4x2,4x2,1
5032,KONGU,3x2,3x2,3x2,1
5022,KONGU,2x2,2x2,2x2,1
6001,TEAK 2nd,1X1.5,1X1.5,1X1.5,1
6002,TEAK 2nd,2X1.5,2X1.5,2X1.5,1
6003,TEAK 2nd,3X1.5,3X1.5,3X1.5,1
6004,TEAK 2nd,4X1.5,4X1.5,4X1.5,1
6005,TEAK 2nd,5X1.5,5X1.5,5X1.5,1
6006,TEAK 2nd,6X1.5,6X1.5,6X1.5,1
6007,TEAK 2nd,7X1.5,7X1.5,7X1.5,1
6008,TEAK 2nd,8X1.5,8X1.5,8X1.5,1
6009,TEAK 2nd,9X1.5,9X1.5,9X1.5,1
6010,TEAK 2nd,10X1.5,10X1.5,10X1.5,1
6011,TEAK 2nd,11X1.5,11X1.5,11X1.5,1
6012,TEAK 2nd,12X1.5,12X1.5,12X1.5,1
6013,TEAK 2nd,13X1.5,13X1.5,13X1.5,1
6014,TEAK 2nd,14X1.5,14X1.5,14X1.5,1
6015,TEAK 2nd,15X1.5,15X1.5,15X1.5,1
6016,TEAK 2nd,16X1.5,16X1.5,16X1.5,1
6017,TEAK 2nd,17X1.5,17X1.5,17X1.5,1
6018,TEAK 2nd,18X1.5,18X1.5,18X1.5,1
6019,TEAK 2nd,19X1.5,19X1.5,19X1.5,1
6020,TEAK 2nd,20X1.5,20X1.5,20X1.5,1
6021,TEAK 2nd,21X1.5,21X1.5,21X1.5,1
6022,TEAK 2nd,22X1.5,22X1.5,22X1.5,1
6023,TEAK 2nd,23X1.5,23X1.5,23X1.5,1
6024,TEAK 2nd,24X1.5,24X1.5,24X1.5,1
6074,TEAK 2nd,7x4,7x4,7x4,1
6073,TEAK 2nd,7x3,7x3,7x3,1
6064,TEAK 2nd,6x4,6x4,6x4,1
6063,TEAK 2nd,6x3,6x3,6x3,1
6054,TEAK 2nd,5x4,5x4,5x4,1
6053,TEAK 2nd,5x3,5x3,5x3,1
6043,TEAK 2nd,4x3,4x3,4x3,1
6021,TEAK 2nd,2X1,2X1,2X1,1
6031,TEAK 2nd,3X1,3X1,3X1,1
6041,TEAK 2nd,4X1,4X1,4X1,1
6051,TEAK 2nd,5X1,5X1,5X1,1
6061,TEAK 2nd,6X1,6X1,6X1,1
6071,TEAK 2nd,7X1,7X1,7X1,1
6081,TEAK 2nd,8X1,8X1,8X1,1
6091,TEAK 2nd,9X1,9X1,9X1,1
6101,TEAK 2nd,10X1,10X1,10X1,1
6111,TEAK 2nd,11X1,11X1,11X1,1
6121,TEAK 2nd,12X1,12X1,12X1,1
6131,TEAK 2nd,13X1,13X1,13X1,1
6141,TEAK 2nd,14X1,14X1,14X1,1
6151,TEAK 2nd,15X1,15X1,15X1,1
6161,TEAK 2nd,16X1,16X1,16X1,1
6171,TEAK 2nd,17X1,17X1,17X1,1
6181,TEAK 2nd,18X1,18X1,18X1,1
6191,TEAK 2nd,19X1,19X1,19X1,1
6201,TEAK 2nd,20X1,20X1,20X1,1
6211,TEAK 2nd,21X1,21X1,21X1,1
6221,TEAK 2nd,22X1,22X1,22X1,1
6231,TEAK 2nd,23X1,23X1,23X1,1
6241,TEAK 2nd,24X1,24X1,24X1,1
6020,TEAK 2nd,4X2.5,4X2.5,4X2.5,1
6021,TEAK 2nd,5X2.5,5X2.5,5X2.5,1
6023,TEAK 2nd,3X2.5,3X2.5,3X2.5,1
6122,TEAK 2nd,12X2,12X2,12X2,1
6112,TEAK 2nd,11X2,11X2,11X2,1
6102,TEAK 2nd,10X2,10X2,10X2,1
6092,TEAK 2nd,9X2,9X2,9X2,1
6082,TEAK 2nd,8x2,8x2,8x2,1
6072,TEAK 2nd,7x2,7x2,7x2,1
6062,TEAK 2nd,6x2,6x2,6x2,1
6052,TEAK 2nd,5x2,5x2,5x2,1
6042,TEAK 2nd,4x2,4x2,4x2,1
6032,TEAK 2nd,3x2,3x2,3x2,1
6022,TEAK 2nd,2x2,2x2,2x2,1
7001,TEAK 1ST,1X1.5,1X1.5,1X1.5,1
7002,TEAK 1ST,2X1.5,2X1.5,2X1.5,1
7003,TEAK 1ST,3X1.5,3X1.5,3X1.5,1
7004,TEAK 1ST,4X1.5,4X1.5,4X1.5,1
7005,TEAK 1ST,5X1.5,5X1.5,5X1.5,1
7006,TEAK 1ST,6X1.5,6X1.5,6X1.5,1
7007,TEAK 1ST,7X1.5,7X1.5,7X1.5,1
7008,TEAK 1ST,8X1.5,8X1.5,8X1.5,1
7009,TEAK 1ST,9X1.5,9X1.5,9X1.5,1
7010,TEAK 1ST,10X1.5,10X1.5,10X1.5,1
7011,TEAK 1ST,11X1.5,11X1.5,11X1.5,1
7012,TEAK 1ST,12X1.5,12X1.5,12X1.5,1
7013,TEAK 1ST,13X1.5,13X1.5,13X1.5,1
7014,TEAK 1ST,14X1.5,14X1.5,14X1.5,1
7015,TEAK 1ST,15X1.5,15X1.5,15X1.5,1
7016,TEAK 1ST,16X1.5,16X1.5,16X1.5,1
7017,TEAK 1ST,17X1.5,17X1.5,17X1.5,1
7018,TEAK 1ST,18X1.5,18X1.5,18X1.5,1
7019,TEAK 1ST,19X1.5,19X1.5,19X1.5,1
7020,TEAK 1ST,20X1.5,20X1.5,20X1.5,1
7021,TEAK 1ST,21X1.5,21X1.5,21X1.5,1
7022,TEAK 1ST,22X1.5,22X1.5,22X1.5,1
7023,TEAK 1ST,23X1.5,23X1.5,23X1.5,1
7024,TEAK 1ST,24X1.5,24X1.5,24X1.5,1
7074,TEAK 1ST,7x4,7x4,7x4,1
7073,TEAK 1ST,7x3,7x3,7x3,1
7064,TEAK 1ST,6x4,6x4,6x4,1
7063,TEAK 1ST,6x3,6x3,6x3,1
7054,TEAK 1ST,5x4,5x4,5x4,1
7053,TEAK 1ST,5x3,5x3,5x3,1
7043,TEAK 1ST,4x3,4x3,4x3,1
7021,TEAK 1ST,2X1,2X1,2X1,1
7031,TEAK 1ST,3X1,3X1,3X1,1
7041,TEAK 1ST,4X1,4X1,4X1,1
7051,TEAK 1ST,5X1,5X1,5X1,1
7061,TEAK 1ST,6X1,6X1,6X1,1
7071,TEAK 1ST,7X1,7X1,7X1,1
7081,TEAK 1ST,8X1,8X1,8X1,1
7091,TEAK 1ST,9X1,9X1,9X1,1
7101,TEAK 1ST,10X1,10X1,10X1,1
7111,TEAK 1ST,11X1,11X1,11X1,1
7121,TEAK 1ST,12X1,12X1,12X1,1
7131,TEAK 1ST,13X1,13X1,13X1,1
7141,TEAK 1ST,14X1,14X1,14X1,1
7151,TEAK 1ST,15X1,15X1,15X1,1
7161,TEAK 1ST,16X1,16X1,16X1,1
7171,TEAK 1ST,17X1,17X1,17X1,1
7181,TEAK 1ST,18X1,18X1,18X1,1
7191,TEAK 1ST,19X1,19X1,19X1,1
7201,TEAK 1ST,20X1,20X1,20X1,1
7211,TEAK 1ST,21X1,21X1,21X1,1
7221,TEAK 1ST,22X1,22X1,22X1,1
7231,TEAK 1ST,23X1,23X1,23X1,1
7241,TEAK 1ST,24X1,24X1,24X1,1
7020,TEAK 1ST,4X2.5,4X2.5,4X2.5,1
7021,TEAK 1ST,5X2.5,5X2.5,5X2.5,1
7022,TEAK 1ST,3X2.5,3X2.5,3X2.5,1
7122,TEAK 1ST,12X2,12X2,12X2,1
7112,TEAK 1ST,11X2,11X2,11X2,1
7102,TEAK 1ST,10X2,10X2,10X2,1
7092,TEAK 1ST,9X2,9X2,9X2,1
7082,TEAK 1ST,8x2,8x2,8x2,1
7072,TEAK 1ST,7x2,7x2,7x2,1
7062,TEAK 1ST,6x2,6x2,6x2,1
7052,TEAK 1ST,5x2,5x2,5x2,1
7042,TEAK 1ST,4x2,4x2,4x2,1
7032,TEAK 1ST,3x2,3x2,3x2,1
7022,TEAK 1ST,2x2,2x2,2x2,1
8001,BURMA TEAK,1X1.5,1X1.5,1X1.5,1
8002,BURMA TEAK,2X1.5,2X1.5,2X1.5,1
8003,BURMA TEAK,3X1.5,3X1.5,3X1.5,1
8004,BURMA TEAK,4X1.5,4X1.5,4X1.5,1
8005,BURMA TEAK,5X1.5,5X1.5,5X1.5,1
8006,BURMA TEAK,6X1.5,6X1.5,6X1.5,1
8007,BURMA TEAK,7X1.5,7X1.5,7X1.5,1
8008,BURMA TEAK,8X1.5,8X1.5,8X1.5,1
8009,BURMA TEAK,9X1.5,9X1.5,9X1.5,1
8010,BURMA TEAK,10X1.5,10X1.5,10X1.5,1
8011,BURMA TEAK,11X1.5,11X1.5,11X1.5,1
8012,BURMA TEAK,12X1.5,12X1.5,12X1.5,1
8013,BURMA TEAK,13X1.5,13X1.5,13X1.5,1
8014,BURMA TEAK,14X1.5,14X1.5,14X1.5,1
8015,BURMA TEAK,15X1.5,15X1.5,15X1.5,1
8016,BURMA TEAK,16X1.5,16X1.5,16X1.5,1
8017,BURMA TEAK,17X1.5,17X1.5,17X1.5,1
8018,BURMA TEAK,18X1.5,18X1.5,18X1.5,1
8019,BURMA TEAK,19X1.5,19X1.5,19X1.5,1
8020,BURMA TEAK,20X1.5,20X1.5,20X1.5,1
8021,BURMA TEAK,21X1.5,21X1.5,21X1.5,1
8022,BURMA TEAK,22X1.5,22X1.5,22X1.5,1
8023,BURMA TEAK,23X1.5,23X1.5,23X1.5,1
8024,BURMA TEAK,24X1.5,24X1.5,24X1.5,1
8074,BURMA TEAK,7x4,7x4,7x4,1
8073,BURMA TEAK,7x3,7x3,7x3,1
8064,BURMA TEAK,6x4,6x4,6x4,1
8063,BURMA TEAK,6x3,6x3,6x3,1
8054,BURMA TEAK,5x4,5x4,5x4,1
8053,BURMA TEAK,5x3,5x3,5x3,1
8043,BURMA TEAK,4x3,4x3,4x3,1
8021,BURMA TEAK,2X1,2X1,2X1,1
8031,BURMA TEAK,3X1,3X1,3X1,1
8041,BURMA TEAK,4X1,4X1,4X1,1
8051,BURMA TEAK,5X1,5X1,5X1,1
8061,BURMA TEAK,6X1,6X1,6X1,1
8071,BURMA TEAK,7X1,7X1,7X1,1
8081,BURMA TEAK,8X1,8X1,8X1,1
8091,BURMA TEAK,9X1,9X1,9X1,1
8101,BURMA TEAK,10X1,10X1,10X1,1
8111,BURMA TEAK,11X1,11X1,11X1,1
8121,BURMA TEAK,12X1,12X1,12X1,1
8131,BURMA TEAK,13X1,13X1,13X1,1
8141,BURMA TEAK,14X1,14X1,14X1,1
8151,BURMA TEAK,15X1,15X1,15X1,1
8161,BURMA TEAK,16X1,16X1,16X1,1
8171,BURMA TEAK,17X1,17X1,17X1,1
8181,BURMA TEAK,18X1,18X1,18X1,1
8191,BURMA TEAK,19X1,19X1,19X1,1
8201,BURMA TEAK,20X1,20X1,20X1,1
8211,BURMA TEAK,21X1,21X1,21X1,1
8221,BURMA TEAK,22X1,22X1,22X1,1
8231,BURMA TEAK,23X1,23X1,23X1,1
8241,BURMA TEAK,24X1,24X1,24X1,1
8020,BURMA TEAK,4X2.5,4X2.5,4X2.5,1
8021,BURMA TEAK,5X2.5,5X2.5,5X2.5,1
8022,BURMA TEAK,3X2.5,3X2.5,3X2.5,1
8122,BURMA TEAK,12X2,12X2,12X2,1
8112,BURMA TEAK,11X2,11X2,11X2,1
8102,BURMA TEAK,10X2,10X2,10X2,1
8092,BURMA TEAK,9X2,9X2,9X2,1
8082,BURMA TEAK,8x2,8x2,8x2,1
8072,BURMA TEAK,7x2,7x2,7x2,1
8062,BURMA TEAK,6x2,6x2,6x2,1
8052,BURMA TEAK,5x2,5x2,5x2,1
8042,BURMA TEAK,4x2,4x2,4x2,1
8032,BURMA TEAK,3x2,3x2,3x2,1
8022,BURMA TEAK,2x2,2x2,2x2,1
9001,WOOD,1X1.5,1X1.5,1X1.5,1
9002,WOOD,2X1.5,2X1.5,2X1.5,1
9003,WOOD,3X1.5,3X1.5,3X1.5,1
9004,WOOD,4X1.5,4X1.5,4X1.5,1
9005,WOOD,5X1.5,5X1.5,5X1.5,1
9006,WOOD,6X1.5,6X1.5,6X1.5,1
9007,WOOD,7X1.5,7X1.5,7X1.5,1
9008,WOOD,8X1.5,8X1.5,8X1.5,1
9009,WOOD,9X1.5,9X1.5,9X1.5,1
9010,WOOD,10X1.5,10X1.5,10X1.5,1
9011,WOOD,11X1.5,11X1.5,11X1.5,1
9012,WOOD,12X1.5,12X1.5,12X1.5,1
9013,WOOD,13X1.5,13X1.5,13X1.5,1
9014,WOOD,14X1.5,14X1.5,14X1.5,1
9015,WOOD,15X1.5,15X1.5,15X1.5,1
9016,WOOD,16X1.5,16X1.5,16X1.5,1
9017,WOOD,17X1.5,17X1.5,17X1.5,1
9018,WOOD,18X1.5,18X1.5,18X1.5,1
9019,WOOD,19X1.5,19X1.5,19X1.5,1
9020,WOOD,20X1.5,20X1.5,20X1.5,1
9021,WOOD,21X1.5,21X1.5,21X1.5,1
9022,WOOD,22X1.5,22X1.5,22X1.5,1
9023,WOOD,23X1.5,23X1.5,23X1.5,1
9024,WOOD,24X1.5,24X1.5,24X1.5,1
9074,WOOD,7x4,7x4,7x4,1
9073,WOOD,7x3,7x3,7x3,1
9064,WOOD,6x4,6x4,6x4,1
9063,WOOD,6x3,6x3,6x3,1
9054,WOOD,5x4,5x4,5x4,1
9053,WOOD,5x3,5x3,5x3,1
9043,WOOD,4x3,4x3,4x3,1
9021,WOOD,2X1,2X1,2X1,1
9031,WOOD,3X1,3X1,3X1,1
9041,WOOD,4X1,4X1,4X1,1
9051,WOOD,5X1,5X1,5X1,1
9061,WOOD,6X1,6X1,6X1,1
9071,WOOD,7X1,7X1,7X1,1
9081,WOOD,8X1,8X1,8X1,1
9091,WOOD,9X1,9X1,9X1,1
9101,WOOD,10X1,10X1,10X1,1
9111,WOOD,11X1,11X1,11X1,1
9121,WOOD,12X1,12X1,12X1,1
9131,WOOD,13X1,13X1,13X1,1
9141,WOOD,14X1,14X1,14X1,1
9151,WOOD,15X1,15X1,15X1,1
9161,WOOD,16X1,16X1,16X1,1
9171,WOOD,17X1,17X1,17X1,1
9181,WOOD,18X1,18X1,18X1,1
9191,WOOD,19X1,19X1,19X1,1
9201,WOOD,20X1,20X1,20X1,1
9211,WOOD,21X1,21X1,21X1,1
9221,WOOD,22X1,22X1,22X1,1
9231,WOOD,23X1,23X1,23X1,1
9241,WOOD,24X1,24X1,24X1,1
9020,WOOD,4X2.5,4X2.5,4X2.5,1
9021,WOOD,5X2.5,5X2.5,5X2.5,1
9022,WOOD,3X2.5,3X2.5,3X2.5,1
9122,WOOD,12X2,12X2,12X2,1
9112,WOOD,11X2,11X2,11X2,1
9102,WOOD,10X2,10X2,10X2,1
9092,WOOD,9X2,9X2,9X2,1
9082,WOOD,8x2,8x2,8x2,1
9072,WOOD,7x2,7x2,7x2,1
9062,WOOD,6x2,6x2,6x2,1
9052,WOOD,5x2,5x2,5x2,1
9042,WOOD,4x2,4x2,4x2,1
9032,WOOD,3x2,3x2,3x2,1
9022,WOOD,2x2,2x2,2x2,1
